Participant ID,Video file,Gloss,ASL-LEX Code
P1,15890366051589533-APPLE.mp4,APPLE,A_03_054
P1,4520498201410337-BACKPACK.mp4,BACKPACK1,G_03_091
P1,16994877911771145-WE.mp4,WE,G_03_019
P1,49288220098651747-DOG.mp4,DOG1,A_01_056
P40,654679171689897-APPLE.mp4,APPLE,A_03_054
P40,8875256912597131-BACKPACK.mp4,BACKPACK1,G_03_091
P40,5346957049353451-WE.mp4,WE,G_03_019
P40,11432147423106453-DOG.mp4,DOG1,A_01_056
P40,22066071141437238-BANANA 2.mp4,BANANA2,K_02_097
P40,4614534315577101-NOW.mp4,NOW,C_03_062
P40,09797934187757074-CALL.mp4,CALL1,C_02_061
P40,5082858473744953-NO.mp4,NO,C_03_041
P40,3845231217942484-FRIEND.mp4,FRIEND,D_03_010
P40,5677482375653258-DRAW.mp4,DRAW,D_02_063
P40,27759670594914465-CAR.mp4,CAR,D_02_043
P40,8335625687320589-BUT.mp4,BUT,D_03_030
P40,5208380221303042-MOST.mp4,MOST,E_01_085
P40,6776054154751192-CUT 1.mp4,CUT,E_02_046
P40,15583842324081232-ON.mp4,ON,E_03_004
P40,119693515616218-WILL.mp4,WILL,F_03_025
P40,48852938778695965-LIKE.mp4,LIKE,F_03_063
P40,014399429252126783-OVER.mp4,OVER,F_03_079
P40,2595760307657029-THEY.mp4,THEY1,F_02_103
P40,14052296225070893-BACKPACK.mp4,BACKPACK1,G_03_091
P40,07267045149513152-IF.mp4,IF,G_03_017
P40,893612061993688-ARM 2.mp4,ARM2,K_01_095
P40,8142321187623465-CAT 2.mp4,CAT2,K_02_047
P43,60085579467325-APPLE.mp4,APPLE,A_03_054
P43,402799943476833-BACKPACK.mp4,BACKPACK1,G_03_091
P43,193766215011427-WE.mp4,WE,G_03_019
P43,17777316675017052-DOG.mp4,DOG1,A_01_056
P40,10967239838402598-WITH.mp4,WITH,C_02_074
P40,2634483829913492-ARRIVE.mp4,ARRIVE,D_01_073
P43,9903444079337274-BANANA 2.mp4,BANANA2,K_02_097
P40,823110623400116-WANT.mp4,WANT2,C_03_013
P43,945060415448846-NOW.mp4,NOW,C_03_062
P40,7717057217254395-THEY.mp4,THEY1,F_02_103
P43,9588604018454037-WELL.mp4,WELL,D_01_009
P43,39040662175778196-CALL.mp4,CALL1,C_02_061
P43,5372668319999747-NO.mp4,NO,C_03_041
P40,20814778930087607-USE.mp4,USE,D_03_043
P40,6239969381843566-BASKET 1.mp4,BASKET2,G_03_070
P40,18045536953991848-CARRY.mp4,CARRY,J_02_042
P40,3656745387901563-US.mp4,US,H_03_055
P40,6352800098810387-CRY 2.mp4,CRY2,K_01_003
P40,24627319624614907-CITY 2.mp4,CITY2,K_02_076
P40,8787725454028246-BANANA 3.mp4,BANANA3,K_03_014
P40,13014078898215797-ARM 3.mp4,ARM3,K_02_002
P40,10352468443085039-CALL 2.mp4,CALL2,J_02_048
P40,5363852654946244-GO.mp4,GO,C_03_056
P40,1977023637643942-ALL.mp4,ALL,C_03_088
P40,9977383547886205-CAT 3.mp4,CAT3,K_03_087
P40,7666802297995068-HOW.mp4,HOW1,D_02_082
P40,08003931001097664-DECIDE.mp4,DECIDE1,B_02_074
P40,539088949241769-BACK.mp4,BACK,D_03_029
P40,130762991164749-CRY 4.mp4,CRY3,K_03_060
P40,6618742352834965-HOW 2.mp4,HOW2,F_02_086
P40,10420903219156519-CANCEL.mp4,CANCEL1,F_03_083
P40,40039024981232463-BRING.mp4,BRING,F_03_004
P40,9724596719903091-BELIEVE.mp4,BELIEVE1,D_02_049
P40,017322997871319412-DAUGHTER.mp4,DAUGHTER,E_02_023
P40,6057977195540294-TO.mp4,TO,E_03_086
P40,825209674190482-AT.mp4,AT,J_01_055
P40,49801930250928317-DOG.mp4,DOG1,A_01_056
P40,17887646260763734-BED 2.mp4,BED2,K_03_004
P40,427530694463526-SEE.mp4,SEE,C_02_030
P40,2794215231286712-CRY 3.mp4,CRY4,K_02_040
P40,5942910381149817-THINK.mp4,THINK,C_03_053
P40,011439809438488657-WHAT 2.mp4,WHAT1,D_02_094
P40,8761272343943907-COME.mp4,COME,C_03_074
P40,576125539435921-WHAT 1.mp4,WHAT2,D_02_084
P40,03614528075010082-BUY.mp4,BUY,D_03_074
P40,6761534511903275-GIVE.mp4,GIVE,F_01_023
P40,515981894493013-TAKE.mp4,TAKE,G_01_093
P40,4440746367181474-HIS.mp4,HIS,F_02_058
P40,16069526301232417-ADOPT.mp4,ADOPT,J_03_014
P40,9639456473035215-BANANA 4.mp4,BANANA4,K_01_061
P40,6549855977754031-CAN 2.mp4,CAN2,K_02_027
P43,3115705696578963-FRIEND.mp4,FRIEND,D_03_010
P43,24946577876230513-DRAW.mp4,DRAW,D_02_063
P43,3058482916099612-CAR.mp4,CAR,D_02_043
P43,39508968739402306-BUT.mp4,BUT,D_03_030
P43,7887726193462175-COOK.mp4,COOK,D_03_078
P43,20373051087883076-MOST.mp4,MOST,E_01_085
P43,9605752241811483-CUT 1.mp4,CUT,E_02_046
P43,31744389017970853-ON.mp4,ON,E_03_004
P43,8513976071498299-WILL.mp4,WILL,F_03_025
P43,2935343968735329-LIKE.mp4,LIKE,F_03_063
P43,9948289944989086-OVER.mp4,OVER,F_03_079
P43,26657946023294365-THEY.mp4,THEY1,F_02_103
P43,815549920734588-BACKPACK.mp4,BACKPACK1,G_03_091
P43,2624544937222155-IF.mp4,IF,G_03_017
P43,46140431722247066-ARM 2.mp4,ARM2,K_01_095
P43,7987363511725065-CAT 2.mp4,CAT2,K_02_047
P43,4265884930339092-WITH.mp4,WITH,C_02_074
P43,6161489734847145-DOG 2.mp4,DOG2,J_02_068
P43,7382460351716511-ARRIVE.mp4,ARRIVE,D_01_073
P43,7340640373745668-WANT.mp4,WANT2,C_03_013
P43,9566049112694803-THEY.mp4,THEY1,F_02_103
P43,5105678600345553-USE.mp4,USE,D_03_043
P40,6983039041415455-CANCEL.mp4,CANCEL1,F_03_083
P40,31541023494010045-BELIEVE.mp4,BELIEVE1,D_02_049
P40,39868492652743104-CRY.mp4,CRY1,B_03_028
P40,760852467495833-CLASS.mp4,CLASS,B_03_068
P40,10032313363697454-ABOUT.mp4,ABOUT1,B_02_072
P40,6215118282753682-FROM.mp4,FROM,D_01_059
P40,5797477308280874-ABOUT 2.mp4,ABOUT2,B_02_003
P40,8566463345061712-DOG.mp4,DOG1,A_01_056
P40,4953060380876644-IN.mp4,IN,E_03_062
P40,19768631695836425-UP.mp4,UP,E_01_069
P40,05395764025422789-ACCEPT.mp4,ACCEPT,H_02_042
P40,5481678038970468-NOT.mp4,NOT,E_01_100
P40,4794931939462106-SOME.mp4,SOME,B_01_020
P40,3714209640987758-BANANA.mp4,BANANA1,A_03_002
P40,15754416849640696-DOOR.mp4,DOOR,A_03_052
P40,24261120852125817-CITY.mp4,CITY1,B_01_029
P40,8971591341871883-BECAUSE.mp4,BECAUSE,B_01_049
P40,06423831579431782-WORK.mp4,WORK,B_03_059
P40,13498585088047066-BROTHER.mp4,BROTHER,B_01_065
P40,6276595334823785-AFTER.mp4,AFTER,B_02_030
P40,021113914252494537-PEOPLE.mp4,PEOPLE,C_01_009
P40,92599720003393-DANCE.mp4,DANCE,B_02_063
P40,7999799158207466-BASEMENT.mp4,BASEMENT,C_01_034
P40,06047495375143819-AND.mp4,AND,B_03_072
P40,5993871743257306-FOR.mp4,FOR,B_03_049
P40,22682052489427296-DAY.mp4,DAY,C_01_044
P40,5201167247227318-DECIDE.mp4,DECIDE1,B_02_074
P40,5199177562877719-GOOD.mp4,GOOD,B_01_052
P40,11654433596113445-DREAM.mp4,DREAM,B_02_044
P40,7513104867958282-HAVE.mp4,HAVE,B_03_057
P40,6706457733210773-ASK.mp4,ASK,B_02_023
P40,9583259576552383-MAKE.mp4,MAKE,C_01_032
P40,5139672798999384-GET.mp4,GET,B_03_007
P40,2527802993381363-FIRST.mp4,FIRST,C_01_033
P40,11994695058883398-KNOW.mp4,KNOW,C_01_048
P40,7384996502333443-NEW.mp4,NEW,B_02_070
P40,603452666892295-TIME.mp4,TIME,B_02_080
P40,12662418757411542-BAKE 2.mp4,BAKE2,B_01_051
P40,9770599529725736-YEAR.mp4,YEAR,B_02_015
P40,5424380767760226-OTHER.mp4,OTHER,B_02_043
P40,10912966695485293-WHICH.mp4,WHICH,B_01_088
P40,17383536861491344-WHO.mp4,WHO,C_01_041
P40,9616445451619902-TWO.mp4,TWO,C_02_005
P40,8193681188551101-ARM.mp4,ARM1,C_03_043
P40,9164887764166283-THAT.mp4,THAT,C_03_059
P40,5795834263184414-WHEN.mp4,WHEN,C_03_086
P40,405804141117764-CAN.mp4,CAN1,D_03_027
P40,8201419379634209-THERE.mp4,THERE,D_02_060
P40,7590157290604365-YOU.mp4,YOU,D_02_065
P40,4445119407271021-OUT.mp4,OUT,E_02_066
P40,3076721990283171-WANT 2.mp4,WANT1,E_01_025
P40,22740176371103216-BASKET 2.mp4,BASKET1,E_01_060
P40,4068269108946929-ANY.mp4,ANY,G_01_016
P40,8416420200036012-THEN.mp4,THEN,F_01_031
P40,8722565902421502-OUR.mp4,OUR,G_02_067
P40,4690614924990628-THAN.mp4,THAN,F_02_002
P40,335915499727792-HE.mp4,HE,F_02_044
P40,6369787418235786-OR.mp4,OR,F_03_081
P40,038452238067189004-ADD.mp4,ADD,E_02_030
P40,07390110032238817-BIRD.mp4,BIRD,A_01_041
P40,384934252853842-BED.mp4,BED1,A_03_037
P40,4163191601306442-CHAIR.mp4,CHAIR,A_01_017
P40,2529267475456003-COMPUTER.mp4,COMPUTER,A_01_054
P40,07692234618172944-CAT.mp4,CAT1,A_01_023
P14,9046939743069791-BASKET 1.mp4,BASKET2,G_03_070
P14,7542980546894893-CARRY.mp4,CARRY,J_02_042
P14,20953071321960803-US.mp4,US,H_03_055
P14,6712196414875353-CRY 2.mp4,CRY2,K_01_003
P14,019573978156297578-CITY 2.mp4,CITY2,K_02_076
P14,9500101639120362-BANANA 3.mp4,BANANA3,K_03_014
P14,1766551266387144-ARM 3.mp4,ARM3,K_02_002
P14,6033048125449101-CALL 2.mp4,CALL2,J_02_048
P14,2290456408074184-GO.mp4,GO,C_03_056
P14,06327853237943692-ALL.mp4,ALL,C_03_088
P14,007512272559422772-CAT 3.mp4,CAT3,K_03_087
P14,9117355925466168-HOW.mp4,HOW1,D_02_082
P14,8118012997438901-DECIDE.mp4,DECIDE1,B_02_074
P14,36922218250666106-BACK.mp4,BACK,D_03_029
P14,5412945803721374-CRY 4.mp4,CRY3,K_03_060
P14,4605549971284748-HOW 2.mp4,HOW2,F_02_086
P40,9811460119529283-HOW.mp4,HOW1,D_02_082
P40,2464053408649325-DECIDE.mp4,DECIDE1,B_02_074
P40,6962599280659476-BACK.mp4,BACK,D_03_029
P40,818662918422669-CRY 4.mp4,CRY3,K_03_060
P40,34202486889563555-HOW 2.mp4,HOW2,F_02_086
P40,6418132021812264-CANCEL.mp4,CANCEL1,F_03_083
P40,5848406199883687-BRING.mp4,BRING,F_03_004
P40,9580808401067789-BELIEVE.mp4,BELIEVE1,D_02_049
P40,5370966083354538-DAUGHTER.mp4,DAUGHTER,E_02_023
P40,793970673925166-TO.mp4,TO,E_03_086
P40,23587809676199378-AT.mp4,AT,J_01_055
P40,5592729674908328-DOG.mp4,DOG1,A_01_056
P40,6897280672292563-BED 2.mp4,BED2,K_03_004
P40,4342737241901915-SEE.mp4,SEE,C_02_030
P40,6988815394554504-CRY 3.mp4,CRY4,K_02_040
P40,5977762842020984-THINK.mp4,THINK,C_03_053
P40,027816838285841916-WHAT 2.mp4,WHAT1,D_02_094
P40,9733473831041732-COME.mp4,COME,C_03_074
P40,3893021840905462-WHAT 1.mp4,WHAT2,D_02_084
P40,1394181455579162-BUY.mp4,BUY,D_03_074
P37,633243741206347-CANCEL.mp4,CANCEL1,F_03_083
P37,7499297668445324-BRING.mp4,BRING,F_03_004
P37,050827589503813275-BELIEVE.mp4,BELIEVE1,D_02_049
P37,36264097335513856-DAUGHTER.mp4,DAUGHTER,E_02_023
P37,5869972126630754-TO.mp4,TO,E_03_086
P37,9498172385458348-AT.mp4,AT,J_01_055
P37,06960268077531429-DOG.mp4,DOG1,A_01_056
P37,4708512735143906-BED 2.mp4,BED2,K_03_004
P37,01973467612046309-SEE.mp4,SEE,C_02_030
P37,9739703045270574-CRY 3.mp4,CRY4,K_02_040
P37,32286789380855874-THINK.mp4,THINK,C_03_053
P37,8405493387581946-WHAT 2.mp4,WHAT1,D_02_094
P37,3537345851274545-COME.mp4,COME,C_03_074
P37,6481029082097123-WHAT 1.mp4,WHAT2,D_02_084
P37,2174130301482664-BUY.mp4,BUY,D_03_074
P37,8799499585540838-GIVE.mp4,GIVE,F_01_023
P37,1072225635555093-TAKE.mp4,TAKE,G_01_093
P37,15864000938153322-HIS.mp4,HIS,F_02_058
P37,2969901780508615-ADOPT.mp4,ADOPT,J_03_014
P37,5629548703826677-BANANA 4.mp4,BANANA4,K_01_061
P37,6659646818374227-CAN 2.mp4,CAN2,K_02_027
P37,8912582440228616-BELIEVE.mp4,BELIEVE1,D_02_049
P37,15876391998161066-MY.mp4,MY,C_01_060
P37,6411588958209695-ME.mp4,ME,B_01_068
P37,8253806873281493-CRY.mp4,CRY1,B_03_028
P37,9912290086976439-CLASS.mp4,CLASS,B_03_068
P37,05289771376597718-ABOUT.mp4,ABOUT1,B_02_072
P37,8966553845539804-FROM.mp4,FROM,D_01_059
P37,45804974752229444-ABOUT 2.mp4,ABOUT2,B_02_003
P37,8742773141210243-DOG.mp4,DOG1,A_01_056
P37,9151466310951184-YOUR.mp4,YOUR,F_01_052
P37,7886376577929948-IN.mp4,IN,E_03_062
P37,966157574877937-UP.mp4,UP,E_01_069
P37,2150615622591261-ACCEPT.mp4,ACCEPT,H_02_042
P37,06563256757315261-ONE.mp4,ONE,F_03_012
P37,11312379324718091-NOT.mp4,NOT,E_01_100
P37,20753098638601952-SOME.mp4,SOME,B_01_020
P37,39618990187306236-BANANA.mp4,BANANA1,A_03_002
P37,6460975038095058-DOOR.mp4,DOOR,A_03_052
P37,04327869307483789-CITY.mp4,CITY1,B_01_029
P37,9103537770737806-BECAUSE.mp4,BECAUSE,B_01_049
P37,4444176110924285-WORK.mp4,WORK,B_03_059
P37,4649907997271234-BROTHER.mp4,BROTHER,B_01_065
P37,004887847449436045-AFTER.mp4,AFTER,B_02_030
P37,2624678001511518-PEOPLE.mp4,PEOPLE,C_01_009
P37,21089939742723418-DANCE.mp4,DANCE,B_02_063
P37,9055889816858886-BASEMENT.mp4,BASEMENT,C_01_034
P37,6425491441035218-AND.mp4,AND,B_03_072
P37,004159753232056307-FOR.mp4,FOR,B_03_049
P37,5240267173967887-DAY.mp4,DAY,C_01_044
P37,3134439061460399-DECIDE.mp4,DECIDE1,B_02_074
P37,7085041042230886-GOOD.mp4,GOOD,B_01_052
P37,7084775726781616-DREAM.mp4,DREAM,B_02_044
P37,9470368146172135-HAVE.mp4,HAVE,B_03_057
P37,6763157955886321-ASK.mp4,ASK,B_02_023
P37,21765240452364454-MAKE.mp4,MAKE,C_01_032
P37,09745490193894946-GET.mp4,GET,B_03_007
P37,5228167151560652-FIRST.mp4,FIRST,C_01_033
P37,8723506669377621-KNOW.mp4,KNOW,C_01_048
P37,6341798068245716-NEW.mp4,NEW,B_02_070
P37,8056235018969913-TIME.mp4,TIME,B_02_080
P37,8258627425272631-BAKE 2.mp4,BAKE2,B_01_051
P37,6542147977884243-YEAR.mp4,YEAR,B_02_015
P37,2752380702397059-OTHER.mp4,OTHER,B_02_043
P37,591140682226134-WHICH.mp4,WHICH,B_01_088
P37,22349971035391758-WHO.mp4,WHO,C_01_041
P37,8764129814637727-TWO.mp4,TWO,C_02_005
P37,0536903996885747-ARM.mp4,ARM1,C_03_043
P37,6667799822024012-THAT.mp4,THAT,C_03_059
P37,01798723214383169-WHEN.mp4,WHEN,C_03_086
P37,3991863940471043-CAN.mp4,CAN1,D_03_027
P37,38015177391211163-THERE.mp4,THERE,D_02_060
P37,08882787638193945-YOU.mp4,YOU,D_02_065
P37,12543635438423562-OUT.mp4,OUT,E_02_066
P37,8635216593391397-WANT 2.mp4,WANT1,E_01_025
P40,9497763695588415-ANY.mp4,ANY,G_01_016
P40,8730784587398288-THEN.mp4,THEN,F_01_031
P40,17676404632160048-OUR.mp4,OUR,G_02_067
P37,9283181484122276-BASKET 2.mp4,BASKET1,E_01_060
P37,9182759255600375-ANY.mp4,ANY,G_01_016
P37,3546013316270238-THEN.mp4,THEN,F_01_031
P37,40789532802368833-OUR.mp4,OUR,G_02_067
P37,38075974598075124-THAN.mp4,THAN,F_02_002
P37,569190475941395-WELL.mp4,WELL,D_01_009
P37,3273319577053584-COOK.mp4,COOK,D_03_078
P37,8392079179773695-DOG 2.mp4,DOG2,J_02_068
P37,34344795542779183-CLEAN.mp4,CLEAN,E_03_082
P37,005408979517623536-BAKE 1.mp4,BAKE1,A_01_060
P37,5341868573477482-BACKPACK.mp4,BACKPACK1,G_03_091
P37,274934874875824-WE.mp4,WE,G_03_019
P37,8615822021106332-DOG.mp4,DOG1,A_01_056
P37,35755892044654347-BANANA 2.mp4,BANANA2,K_02_097
P37,404670456586959-NOW.mp4,NOW,C_03_062
P37,08593956775564093-CALL.mp4,CALL1,C_02_061
P37,09714329486323847-NO.mp4,NO,C_03_041
P37,06432011024096629-FRIEND.mp4,FRIEND,D_03_010
P37,24217310192206098-DRAW.mp4,DRAW,D_02_063
P37,6377145774354793-CAR.mp4,CAR,D_02_043
P38,4381525865125082-WILL.mp4,WILL,F_03_025
P38,7921297303573938-LIKE.mp4,LIKE,F_03_063
P38,36266006490335845-OVER.mp4,OVER,F_03_079
P38,9802753357268721-THEY.mp4,THEY1,F_02_103
P34,9420991279307549-USE.mp4,USE,D_03_043
P34,757541125024382-BASKET 1.mp4,BASKET2,G_03_070
P34,29794025912810485-CARRY.mp4,CARRY,J_02_042
P34,8283977272549146-US.mp4,US,H_03_055
P34,21741983579450141-CRY 2.mp4,CRY2,K_01_003
P34,6529086386636707-CITY 2.mp4,CITY2,K_02_076
P34,9468594282052134-BANANA 3.mp4,BANANA3,K_03_014
P34,8503669604822188-ARM 3.mp4,ARM3,K_02_002
P34,6588398055383173-CALL 2.mp4,CALL2,J_02_048
P34,47175728440552755-GO.mp4,GO,C_03_056
P34,08327228555001609-ALL.mp4,ALL,C_03_088
P34,6483310649306606-CAT 3.mp4,CAT3,K_03_087
P34,5657005340369723-GIVE.mp4,GIVE,F_01_023
P34,9368256240098554-TAKE.mp4,TAKE,G_01_093
P34,37682711344124065-HIS.mp4,HIS,F_02_058
P7,3909320209952225-YOUR.mp4,YOUR,F_01_052
P7,8159890685869593-ONE.mp4,ONE,F_03_012
P7,7785145373127385-NOT.mp4,NOT,E_01_100
P7,3997168861475149-HE.mp4,HE,F_02_044
P7,1405245406307023-OR.mp4,OR,F_03_081
P7,9657682308096263-CLEAN.mp4,CLEAN,E_03_082
P7,782893538691495-ADD.mp4,ADD,E_02_030
P7,772180570303282-BIRD.mp4,BIRD,A_01_041
P7,7792037640059655-BED.mp4,BED1,A_03_037
P7,17659395377249743-CHAIR.mp4,CHAIR,A_01_017
P7,00717587882424664-COMPUTER.mp4,COMPUTER,A_01_054
P7,35242224621744045-CAT.mp4,CAT1,A_01_023
P7,46853468509504537-BAKE 1.mp4,BAKE1,A_01_060
P7,503573335046378-SOME.mp4,SOME,B_01_020
P7,598759671637928-BANANA.mp4,BANANA1,A_03_002
P7,5089744321202867-DOOR.mp4,DOOR,A_03_052
P7,8537153509006596-CITY.mp4,CITY1,B_01_029
P7,07046710854641991-BECAUSE.mp4,BECAUSE,B_01_049
P7,6287775786430216-WORK.mp4,WORK,B_03_059
P7,5300191533671401-BROTHER.mp4,BROTHER,B_01_065
P7,1866812929675714-AFTER.mp4,AFTER,B_02_030
P7,7140768957562555-PEOPLE.mp4,PEOPLE,C_01_009
P7,8012024089968244-DANCE.mp4,DANCE,B_02_063
P7,362690375710766-BASEMENT.mp4,BASEMENT,C_01_034
P7,23660002991445417-AND.mp4,AND,B_03_072
P7,9728821314843308-FOR.mp4,FOR,B_03_049
P7,2127361825953915-DAY.mp4,DAY,C_01_044
P7,49337666671535385-DECIDE.mp4,DECIDE1,B_02_074
P7,6100485201369457-APPLE.mp4,APPLE,A_03_054
P7,5948912677856568-GOOD.mp4,GOOD,B_01_052
P7,12745055651686688-DREAM.mp4,DREAM,B_02_044
P7,017661498365253214-HAVE.mp4,HAVE,B_03_057
P7,8888684132386102-ASK.mp4,ASK,B_02_023
P7,2953819571296197-MAKE.mp4,MAKE,C_01_032
P7,1424751925456016-GET.mp4,GET,B_03_007
P7,5621918528111924-FIRST.mp4,FIRST,C_01_033
P7,44287895160245094-KNOW.mp4,KNOW,C_01_048
P7,41662220243914705-NEW.mp4,NEW,B_02_070
P7,6568502454895795-TIME.mp4,TIME,B_02_080
P7,4432938902548933-BAKE 2.mp4,BAKE2,B_01_051
P7,6963469295518416-YEAR.mp4,YEAR,B_02_015
P7,2708253309119619-OTHER.mp4,OTHER,B_02_043
P7,09249006308823682-WHICH.mp4,WHICH,B_01_088
P7,044977332478077336-WHO.mp4,WHO,C_01_041
P7,6932057977804538-TWO.mp4,TWO,C_02_005
P7,38036170844365746-ARM.mp4,ARM1,C_03_043
P7,38890179641557254-THAT.mp4,THAT,C_03_059
P37,9540803227058581-HE.mp4,HE,F_02_044
P37,12422236312685242-OR.mp4,OR,F_03_081
P37,5553527427187721-ADD.mp4,ADD,E_02_030
P37,1228693178848621-BIRD.mp4,BIRD,A_01_041
P37,47405159977062383-BED.mp4,BED1,A_03_037
P37,06332710786774087-CHAIR.mp4,CHAIR,A_01_017
P37,047487125393855356-COMPUTER.mp4,COMPUTER,A_01_054
P37,0789792777437528-CAT.mp4,CAT1,A_01_023
P37,7146499232909553-APPLE.mp4,APPLE,A_03_054
P37,18530989884206206-BUT.mp4,BUT,D_03_030
P37,9506269870832214-MOST.mp4,MOST,E_01_085
P37,04381810508509121-CUT 1.mp4,CUT,E_02_046
P37,9561894675300409-ON.mp4,ON,E_03_004
P37,359061810978724-WITH.mp4,WITH,C_02_074
P37,5331787702558206-ARRIVE.mp4,ARRIVE,D_01_073
P37,5676022999784702-WANT.mp4,WANT2,C_03_013
P37,8999403469318679-THEY.mp4,THEY1,F_02_103
P51,7652691083354926-YOUR.mp4,YOUR,F_01_052
P51,10818908631731938-ONE.mp4,ONE,F_03_012
P51,4409622909952027-NOT.mp4,NOT,E_01_100
P51,33789633569338906-HE.mp4,HE,F_02_044
P51,9532061175494178-OR.mp4,OR,F_03_081
P51,34302840022451897-CLEAN.mp4,CLEAN,E_03_082
P51,3104191676992716-ADD.mp4,ADD,E_02_030
P51,47495313948748796-BIRD.mp4,BIRD,A_01_041
P51,9054193437872764-BED.mp4,BED1,A_03_037
P51,8018668876575192-CHAIR.mp4,CHAIR,A_01_017
P51,7830052444646307-COMPUTER.mp4,COMPUTER,A_01_054
P51,9537471985667643-CAT.mp4,CAT1,A_01_023
P51,9915832304492436-BAKE 1.mp4,BAKE1,A_01_060
P51,6472313633496187-SOME.mp4,SOME,B_01_020
P51,8921756406981591-BANANA.mp4,BANANA1,A_03_002
P51,43053145519165836-DOOR.mp4,DOOR,A_03_052
P7,7524645430552388-WHEN.mp4,WHEN,C_03_086
P7,46872059376636366-CAN.mp4,CAN1,D_03_027
P7,4665161320096789-THERE.mp4,THERE,D_02_060
P7,5547769757240029-YOU.mp4,YOU,D_02_065
P7,08758415349864745-OUT.mp4,OUT,E_02_066
P7,7637262020700946-WANT 2.mp4,WANT1,E_01_025
P7,9644038997019886-BASKET 2.mp4,BASKET1,E_01_060
P7,2979021025440147-THAN.mp4,THAN,F_02_002
P7,32927782949773055-WELL.mp4,WELL,D_01_009
P7,7269320366233265-COOK.mp4,COOK,D_03_078
P7,16151630922978355-DOG 2.mp4,DOG2,J_02_068
P7,948548155363955-HOW.mp4,HOW1,D_02_082
P7,03913027306941852-DECIDE.mp4,DECIDE1,B_02_074
P7,8163051183943075-BACK.mp4,BACK,D_03_029
P7,9752939123780433-CRY 4.mp4,CRY3,K_03_060
P37,22306165813631562-HOW.mp4,HOW1,D_02_082
P37,2294303196632861-DECIDE.mp4,DECIDE1,B_02_074
P37,14535218650484594-BACK.mp4,BACK,D_03_029
P37,42921287124427643-CRY 4.mp4,CRY3,K_03_060
P37,540755360226808-HOW 2.mp4,HOW2,F_02_086
P37,2648439776170859-CANCEL.mp4,CANCEL1,F_03_083
P37,6943286963229973-WILL.mp4,WILL,F_03_025
P37,6408927707140595-LIKE.mp4,LIKE,F_03_063
P37,25247994709811294-OVER.mp4,OVER,F_03_079
P37,8679293440719862-THEY.mp4,THEY1,F_02_103
P37,45004687075063177-BACKPACK.mp4,BACKPACK1,G_03_091
P37,31901577754348587-IF.mp4,IF,G_03_017
P43,5326028430917451-TO.mp4,TO,E_03_086
P43,6950151008311942-AT.mp4,AT,J_01_055
P43,026269589574182683-DOG.mp4,DOG1,A_01_056
P37,7464288310993847-ARM 2.mp4,ARM2,K_01_095
P37,35051814843504525-CAT 2.mp4,CAT2,K_02_047
P37,5044184391977649-USE.mp4,USE,D_03_043
P37,39405102848756424-BASKET 1.mp4,BASKET2,G_03_070
P37,42718725677261626-CARRY.mp4,CARRY,J_02_042
P37,1963370804956277-US.mp4,US,H_03_055
P37,1840145011713894-CRY 2.mp4,CRY2,K_01_003
P37,605284070797868-CITY 2.mp4,CITY2,K_02_076
P37,759793787041074-BANANA 3.mp4,BANANA3,K_03_014
P37,8490859524236458-ARM 3.mp4,ARM3,K_02_002
P37,5986594029067127-CALL 2.mp4,CALL2,J_02_048
P37,19142855644010948-GO.mp4,GO,C_03_056
P37,2845953650416435-ALL.mp4,ALL,C_03_088
P37,0440499613505525-BED 2.mp4,BED2,K_03_004
P37,2739015087815422-SEE.mp4,SEE,C_02_030
P37,6621305476709889-CRY 3.mp4,CRY4,K_02_040
P37,2736869319842712-THINK.mp4,THINK,C_03_053
P37,2833503746558905-WHAT 2.mp4,WHAT1,D_02_094
P37,0165763043403353-COME.mp4,COME,C_03_074
P37,5156462562582522-WHAT 1.mp4,WHAT2,D_02_084
P37,9472641183676052-BUY.mp4,BUY,D_03_074
P37,39549485976085896-GIVE.mp4,GIVE,F_01_023
P37,6127967104764245-TAKE.mp4,TAKE,G_01_093
P37,9231627904006205-HIS.mp4,HIS,F_02_058
P14,8215299233325997-BED 2.mp4,BED2,K_03_004
P14,6126331658791906-SEE.mp4,SEE,C_02_030
P14,05717913549896503-CRY 3.mp4,CRY4,K_02_040
P14,7219677772800852-THINK.mp4,THINK,C_03_053
P14,0628291186114378-WHAT 2.mp4,WHAT1,D_02_094
P14,27472288337812434-COME.mp4,COME,C_03_074
P14,8444961450629924-WHAT 1.mp4,WHAT2,D_02_084
P14,9511991641948525-BUY.mp4,BUY,D_03_074
P14,2495443890240825-GIVE.mp4,GIVE,F_01_023
P14,42788073545628125-TAKE.mp4,TAKE,G_01_093
P14,3961472727605333-HIS.mp4,HIS,F_02_058
P14,4812739971932958-BANANA 4.mp4,BANANA4,K_01_061
P14,42379771831553437-CAN 2.mp4,CAN2,K_02_027
P14,9567263704149651-MY.mp4,MY,C_01_060
P14,22192344699736766-ME.mp4,ME,B_01_068
P14,07874158333415582-DOG.mp4,DOG1,A_01_056
P14,03729415266226521-ACCEPT.mp4,ACCEPT,H_02_042
P14,8881482942298198-ANY.mp4,ANY,G_01_016
P14,9113872027093437-THEN.mp4,THEN,F_01_031
P14,7163309260574133-OUR.mp4,OUR,G_02_067
P14,29396825939572246-BANANA 2.mp4,BANANA2,K_02_097
P36,95987803445444-BANANA 4.mp4,BANANA4,K_01_061
P36,9999295796867615-CAN 2.mp4,CAN2,K_02_027
P36,763533172470803-MY.mp4,MY,C_01_060
P36,6421087005073287-ME.mp4,ME,B_01_068
P36,5365958887325493-ANY.mp4,ANY,G_01_016
P36,478952595103328-THEN.mp4,THEN,F_01_031
P36,5019998183770455-OUR.mp4,OUR,G_02_067
P36,3683501987615938-BANANA 2.mp4,BANANA2,K_02_097
P36,7793308929136242-NOW.mp4,NOW,C_03_062
P36,43555378078452645-CALL.mp4,CALL1,C_02_061
P36,3919396171653571-NO.mp4,NO,C_03_041
P36,9999305556908715-FRIEND.mp4,FRIEND,D_03_010
P36,9640553484542114-DRAW.mp4,DRAW,D_02_063
P36,4642218872328543-CAR.mp4,CAR,D_02_043
P36,9465545544870055-BUT.mp4,BUT,D_03_030
P36,8408831192000028-MOST.mp4,MOST,E_01_085
P36,21722054975423033-CUT 1.mp4,CUT,E_02_046
P38,8519959408804958-ADOPT.mp4,ADOPT,J_03_014
P38,8604919873971555-DAY.mp4,DAY,C_01_044
P38,6738797815351019-CAT 3.mp4,CAT3,K_03_087
P43,06459242916590613-ADOPT.mp4,ADOPT,J_03_014
P43,33248134847065836-DAY.mp4,DAY,C_01_044
P43,6269462186766848-CAT 3.mp4,CAT3,K_03_087
P7,09763613915615466-BELIEVE.mp4,BELIEVE1,D_02_049
P7,9996166473857706-CRY.mp4,CRY1,B_03_028
P7,5003485866525881-CLASS.mp4,CLASS,B_03_068
P7,4960359561593253-ABOUT.mp4,ABOUT1,B_02_072
P7,635908381404823-FROM.mp4,FROM,D_01_059
P7,05260656417603049-ABOUT 2.mp4,ABOUT2,B_02_003
P7,8795709829109399-BANANA 2.mp4,BANANA2,K_02_097
P7,18742923887433083-ON.mp4,ON,E_03_004
P7,3993897588980455-USE.mp4,USE,D_03_043
P32,02795241605815546-BANANA 4.mp4,BANANA4,K_01_061
P32,8533448692981274-CAN 2.mp4,CAN2,K_02_027
P32,19741660770603775-YOUR.mp4,YOUR,F_01_052
P32,7190341808730427-IN.mp4,IN,E_03_062
P32,01901925493489287-UP.mp4,UP,E_01_069
P32,8436999565888492-ACCEPT.mp4,ACCEPT,H_02_042
P32,1257229740442749-ONE.mp4,ONE,F_03_012
P32,5905119342905278-CLEAN.mp4,CLEAN,E_03_082
P36,945208701210648-TIME.mp4,TIME,B_02_080
P36,8235531544115691-BAKE 2.mp4,BAKE2,B_01_051
P36,250579426738303-YEAR.mp4,YEAR,B_02_015
P36,9648072665712017-OTHER.mp4,OTHER,B_02_043
P36,7692089516377616-WHICH.mp4,WHICH,B_01_088
P36,18521627111046346-WHO.mp4,WHO,C_01_041
P36,5686917833354883-TWO.mp4,TWO,C_02_005
P36,19352385788982285-ARM.mp4,ARM1,C_03_043
P36,02330733550701436-THAT.mp4,THAT,C_03_059
P2,782941320203238-WHEN.mp4,WHEN,C_03_086
P2,019273526178733125-CAN.mp4,CAN1,D_03_027
P2,677386009297865-YOU.mp4,YOU,D_02_065
P2,8485035331460282-WANT 2.mp4,WANT1,E_01_025
P2,7416599552276348-BASKET 2.mp4,BASKET1,E_01_060
P2,809683684547158-THAN.mp4,THAN,F_02_002
P2,36753258402615074-WE.mp4,WE,G_03_019
P2,22196524323496103-DOG 2.mp4,DOG2,J_02_068
P2,8445754712023406-NOW.mp4,NOW,C_03_062
P2,7973429116215278-NO.mp4,NO,C_03_041
P2,7346280911721093-MOST.mp4,MOST,E_01_085
P2,11796615994529458-CUT 1.mp4,CUT,E_02_046
P2,544188443168095-ON.mp4,ON,E_03_004
P16,7111704753012584-ADOPT.mp4,ADOPT,J_03_014
P16,4204720649631579-CANCEL 2.mp4,CANCEL2,J_02_040
P16,5691724461344478-ME.mp4,ME,B_01_068
P16,18714318057425428-CRY.mp4,CRY1,B_03_028
P16,20258805353295783-CLASS.mp4,CLASS,B_03_068
P16,3894882235778798-ABOUT.mp4,ABOUT1,B_02_072
P16,05483916846551695-FROM.mp4,FROM,D_01_059
P16,5500290591310375-ABOUT 2.mp4,ABOUT2,B_02_003
P16,3177705074264898-DOG.mp4,DOG1,A_01_056
P16,4175719914055973-YOUR.mp4,YOUR,F_01_052
P16,7420332241308492-IN.mp4,IN,E_03_062
P16,22522888097403992-UP.mp4,UP,E_01_069
P16,2621867988808324-ONE.mp4,ONE,F_03_012
P16,76385762509193-NOT.mp4,NOT,E_01_100
P16,2147980308534052-HE.mp4,HE,F_02_044
P16,5075437060394383-OR.mp4,OR,F_03_081
P16,38822732900143775-CLEAN.mp4,CLEAN,E_03_082
P16,23907805136995397-ADD.mp4,ADD,E_02_030
P16,2475683909646651-BIRD.mp4,BIRD,A_01_041
P16,47930207467201935-COMPUTER.mp4,COMPUTER,A_01_054
P16,6127862036058511-CAT.mp4,CAT1,A_01_023
P16,6344352923818031-BAKE 1.mp4,BAKE1,A_01_060
P16,9898878205464519-SOME.mp4,SOME,B_01_020
P16,33828206542073036-BANANA.mp4,BANANA1,A_03_002
P16,551571276638265-DOOR.mp4,DOOR,A_03_052
P16,8822852530693246-CITY.mp4,CITY1,B_01_029
P16,5395009645630173-BECAUSE.mp4,BECAUSE,B_01_049
P16,05870571522457291-WORK.mp4,WORK,B_03_059
P16,4684116630451267-BROTHER.mp4,BROTHER,B_01_065
P16,5230971619612976-AFTER.mp4,AFTER,B_02_030
P16,8402522107859758-PEOPLE.mp4,PEOPLE,C_01_009
P16,7455139438924328-DANCE.mp4,DANCE,B_02_063
P16,890357419028311-BASEMENT.mp4,BASEMENT,C_01_034
P16,3741021155965083-AND.mp4,AND,B_03_072
P16,9008308735550123-FOR.mp4,FOR,B_03_049
P16,6369569351542994-DAY.mp4,DAY,C_01_044
P16,2084190780128221-DECIDE.mp4,DECIDE1,B_02_074
P16,43040594979190994-APPLE.mp4,APPLE,A_03_054
P16,7988103105967095-GOOD.mp4,GOOD,B_01_052
P16,005561815790870783-DREAM.mp4,DREAM,B_02_044
P16,454662254622324-HAVE.mp4,HAVE,B_03_057
P16,2629108059091052-ASK.mp4,ASK,B_02_023
P16,5844672679220855-MAKE.mp4,MAKE,C_01_032
P16,6159806067166138-GET.mp4,GET,B_03_007
P16,2794985409759905-FIRST.mp4,FIRST,C_01_033
P16,7801346725394491-KNOW.mp4,KNOW,C_01_048
P16,9411212123368338-NEW.mp4,NEW,B_02_070
P16,6967706324190324-TIME.mp4,TIME,B_02_080
P16,278586156563041-BAKE 2.mp4,BAKE2,B_01_051
P16,07206160521140825-YEAR.mp4,YEAR,B_02_015
P16,43826261311255-OTHER.mp4,OTHER,B_02_043
P16,40059214149507016-WHICH.mp4,WHICH,B_01_088
P16,9816718901577759-WHO.mp4,WHO,C_01_041
P16,14502147506594976-TWO.mp4,TWO,C_02_005
P16,87358456202116-ARM.mp4,ARM1,C_03_043
P16,9918277103622164-THAT.mp4,THAT,C_03_059
P16,4307738435108923-WHEN.mp4,WHEN,C_03_086
P16,27262770774597556-CAN.mp4,CAN1,D_03_027
P16,45532250207157876-THERE.mp4,THERE,D_02_060
P16,6515372118413638-YOU.mp4,YOU,D_02_065
P16,46559109592960857-OUT.mp4,OUT,E_02_066
P16,08375958886756041-WANT 2.mp4,WANT1,E_01_025
P16,6512022446553214-BASKET 2.mp4,BASKET1,E_01_060
P16,7277264455077099-THAN.mp4,THAN,F_02_002
P16,7892778893886601-BACKPACK.mp4,BACKPACK1,G_03_091
P16,7484839279145117-WE.mp4,WE,G_03_019
P16,7650331208165018-DOG 2.mp4,DOG2,J_02_068
P16,9046369726997978-NOW.mp4,NOW,C_03_062
P16,16683020033244267-WELL.mp4,WELL,D_01_009
P16,6856248329464889-CALL.mp4,CALL1,C_02_061
P16,2140134632834978-NO.mp4,NO,C_03_041
P16,3883569869285113-FRIEND.mp4,FRIEND,D_03_010
P16,8113607423936464-DRAW.mp4,DRAW,D_02_063
P16,7833854125076765-CAR.mp4,CAR,D_02_043
P16,5100195782800268-BUT.mp4,BUT,D_03_030
P16,8817543189938131-COOK.mp4,COOK,D_03_078
P16,7040324327088798-MOST.mp4,MOST,E_01_085
P16,2095724778708976-CUT 1.mp4,CUT,E_02_046
P16,7557297806124808-ON.mp4,ON,E_03_004
P16,8073424073212636-WILL.mp4,WILL,F_03_025
P16,8273164081850686-LIKE.mp4,LIKE,F_03_063
P16,4418505521323366-OVER.mp4,OVER,F_03_079
P16,8902733237714864-THEY.mp4,THEY1,F_02_103
P16,41237219528175983-BACKPACK 2.mp4,BACKPACK2,G_01_064
P16,6817194024313311-IF.mp4,IF,G_03_017
P3,11520878721605521-CAT 2.mp4,CAT2,K_02_047
P8,4414675385136617-WITH.mp4,WITH,C_02_074
P44,1121203339848611-DOG 3.mp4,DOG3,K_01_055
P44,7880576174636196-ARRIVE.mp4,ARRIVE,D_01_073
P44,2155045647013336-WANT.mp4,WANT2,C_03_013
P16,8871725039787322-THEY 2.mp4,THEY2,E_01_044
P16,056929659277419775-USE.mp4,USE,D_03_043
P16,9033066277455151-BASKET 1.mp4,BASKET2,G_03_070
P16,04968135954794306-CARRY.mp4,CARRY,J_02_042
P16,655616584296608-US.mp4,US,H_03_055
P16,19194683673400226-CRY 2.mp4,CRY2,K_01_003
P16,18121303890105733-CITY 2.mp4,CITY2,K_02_076
P16,2148058885134596-BANANA 3.mp4,BANANA3,K_03_014
P16,7743834750763563-ARM 3.mp4,ARM3,K_02_002
P16,6162901764871827-CALL 2.mp4,CALL2,J_02_048
P16,30544213991231106-GO.mp4,GO,C_03_056
P16,5986140318809434-ALL.mp4,ALL,C_03_088
P16,5563201521481351-CAT 3.mp4,CAT3,K_03_087
P16,03376426509046859-HOW.mp4,HOW1,D_02_082
P16,12831498906473193-DECIDE 2.mp4,DECIDE2,D_03_057
P8,8370733641565598-HOW.mp4,HOW1,D_02_082
P16,9454194326745748-BACK.mp4,BACK,D_03_029
P8,8971986955179447-DECIDE 2.mp4,DECIDE2,D_03_057
P16,8794922930814164-CRY 4.mp4,CRY3,K_03_060
P16,174515932829846-HOW 2.mp4,HOW2,F_02_086
P16,629918688259232-CANCEL.mp4,CANCEL1,F_03_083
P16,4266922092249985-BRING.mp4,BRING,F_03_004
P16,9825984380588699-BELIEVE 2.mp4,BELIEVE2,G_02_011
P16,16797975589778336-DAUGHTER.mp4,DAUGHTER,E_02_023
P16,020805068247292002-TO.mp4,TO,E_03_086
P16,790184812638786-AT.mp4,AT,J_01_055
P16,6151294442136532-DOG 4.mp4,DOG4,H_02_103
P16,1561023536919608-BED 2.mp4,BED2,K_03_004
P16,682277049268821-SEE.mp4,SEE,C_02_030
P16,11001564552664078-CRY 3.mp4,CRY4,K_02_040
P16,8981918903910342-THINK.mp4,THINK,C_03_053
P16,21224944864749995-WHAT 2.mp4,WHAT1,D_02_094
P16,5774324878258876-COME.mp4,COME,C_03_074
P16,8979365940146831-WHAT 1.mp4,WHAT2,D_02_084
P16,913160206020708-BUY.mp4,BUY,D_03_074
P16,7602780259740458-GIVE.mp4,GIVE,F_01_023
P16,5069200658283002-TAKE.mp4,TAKE,G_01_093
P45,021939327153324584-HOW.mp4,HOW1,D_02_082
P45,9978106876097432-DECIDE 2.mp4,DECIDE2,D_03_057
P45,5410701077710229-BACK.mp4,BACK,D_03_029
P8,41448646806758704-BACK.mp4,BACK,D_03_029
P8,08408059125780443-CRY 4.mp4,CRY3,K_03_060
P46,3162310724287807-HIS.mp4,HIS,F_02_058
P46,3250233036968666-DOG.mp4,DOG1,A_01_056
P46,8095655324161697-BED.mp4,BED1,A_03_037
P46,2550058561972437-CHAIR.mp4,CHAIR,A_01_017
P46,9116897977316643-IF.mp4,IF,G_03_017
P46,5648363198357482-ARM 2.mp4,ARM2,K_01_095
P46,3732020617815419-WITH.mp4,WITH,C_02_074
P46,7560299004122213-DOG 3.mp4,DOG3,K_01_055
P46,5010987691531066-ARRIVE.mp4,ARRIVE,D_01_073
P46,4912279937692121-WANT.mp4,WANT2,C_03_013
P50,343625949867743-CANCEL.mp4,CANCEL1,F_03_083
P50,5695540664061918-HIS.mp4,HIS,F_02_058
P50,5589161932314417-ADOPT.mp4,ADOPT,J_03_014
P50,9505026734330566-BANANA 4.mp4,BANANA4,K_01_061
P50,25170361574162303-CAN 2.mp4,CAN2,K_02_027
P50,1155462194927761-CANCEL 2.mp4,CANCEL2,J_02_040
P50,36477860725502675-BELIEVE.mp4,BELIEVE1,D_02_049
P50,585300357390725-ABOUT.mp4,ABOUT1,B_02_072
P50,3897487502121615-FROM.mp4,FROM,D_01_059
P50,8133817031037549-ABOUT 2.mp4,ABOUT2,B_02_003
P50,30953548448841706-DOG.mp4,DOG1,A_01_056
P50,37150818596578294-YOUR.mp4,YOUR,F_01_052
P50,12865619737912692-IN.mp4,IN,E_03_062
P50,20779361662315976-UP.mp4,UP,E_01_069
P50,8257016821549483-ACCEPT.mp4,ACCEPT,H_02_042
P20,21805340389552041-ONE.mp4,ONE,F_03_012
P20,07730977592971522-NOT.mp4,NOT,E_01_100
P20,5251028200471013-HE.mp4,HE,F_02_044
P20,9144030273461381-OR.mp4,OR,F_03_081
P20,6436348476141867-CLEAN.mp4,CLEAN,E_03_082
P20,9481274158070627-ADD.mp4,ADD,E_02_030
P20,024599489089319748-BIRD.mp4,BIRD,A_01_041
P20,281962275035226-BED.mp4,BED1,A_03_037
P20,19101165942054377-CHAIR.mp4,CHAIR,A_01_017
P20,6504959971927919-BAKE 1.mp4,BAKE1,A_01_060
P20,06641118651306921-SOME.mp4,SOME,B_01_020
P20,7571787384084172-BANANA.mp4,BANANA1,A_03_002
P20,3756980073067324-DOOR.mp4,DOOR,A_03_052
P20,8165428058010318-CITY.mp4,CITY1,B_01_029
P20,6410754012541073-BECAUSE.mp4,BECAUSE,B_01_049
P20,06132878384310203-WORK.mp4,WORK,B_03_059
P20,8528083792258134-BROTHER.mp4,BROTHER,B_01_065
P20,3528769917926853-AFTER.mp4,AFTER,B_02_030
P20,3950389219300785-PEOPLE.mp4,PEOPLE,C_01_009
P20,9434616943387211-DANCE.mp4,DANCE,B_02_063
P20,8271946399736803-BASEMENT.mp4,BASEMENT,C_01_034
P20,08581765593382995-AND.mp4,AND,B_03_072
P20,21788059703071405-FOR.mp4,FOR,B_03_049
P20,45882506624568764-DAY.mp4,DAY,C_01_044
P50,7869438106194055-ONE.mp4,ONE,F_03_012
P50,8570171153413646-NOT.mp4,NOT,E_01_100
P50,48540972876704047-HE.mp4,HE,F_02_044
P50,928754171543865-OR.mp4,OR,F_03_081
P50,7073670818600819-CLEAN.mp4,CLEAN,E_03_082
P50,584781022698958-ADD.mp4,ADD,E_02_030
P50,5001083458241053-BIRD.mp4,BIRD,A_01_041
P50,1248507910408927-BED.mp4,BED1,A_03_037
P50,13735471435476398-CHAIR.mp4,CHAIR,A_01_017
P50,830066615758152-BAKE 1.mp4,BAKE1,A_01_060
P50,015812196948795876-SOME.mp4,SOME,B_01_020
P50,9688464432853869-BANANA.mp4,BANANA1,A_03_002
P50,37404870129859447-DOOR.mp4,DOOR,A_03_052
P50,13831570195635012-CITY.mp4,CITY1,B_01_029
P50,5032023927002274-BECAUSE.mp4,BECAUSE,B_01_049
P50,1357049670063133-DECIDE.mp4,DECIDE1,B_02_074
P50,050694111976633094-APPLE.mp4,APPLE,A_03_054
P50,18340714145664716-GOOD.mp4,GOOD,B_01_052
P50,17349986217607638-DREAM.mp4,DREAM,B_02_044
P50,6269220646964364-CALL.mp4,CALL1,C_02_061
P50,6137110171725737-NO.mp4,NO,C_03_041
P50,31292634392838026-FRIEND.mp4,FRIEND,D_03_010
P50,09975658451763758-DRAW.mp4,DRAW,D_02_063
P50,635224667225623-CAR.mp4,CAR,D_02_043
P50,6557753720396031-TO.mp4,TO,E_03_086
P50,17504788812233896-AT.mp4,AT,J_01_055
P50,2551207822848043-DOG 4.mp4,DOG4,H_02_103
P50,6203656031603042-COMPUTER.mp4,COMPUTER,A_01_054
P50,307399456407387-CAT.mp4,CAT1,A_01_023
P50,35171504222207406-CRY 4.mp4,CRY3,K_03_060
P50,639527032932734-HOW 2.mp4,HOW2,F_02_086
P50,5954109095812208-BRING.mp4,BRING,F_03_004
P50,21393687652338045-BELIEVE 2.mp4,BELIEVE2,G_02_011
P50,26446280798620214-DAUGHTER.mp4,DAUGHTER,E_02_023
P50,3061455946213081-BED 2.mp4,BED2,K_03_004
P50,9386805628062223-SEE.mp4,SEE,C_02_030
P50,06452002895198272-CRY 3.mp4,CRY4,K_02_040
P50,1931829449490161-THINK.mp4,THINK,C_03_053
P50,5907336185978251-WHAT 2.mp4,WHAT1,D_02_094
P50,5245211280359048-COME.mp4,COME,C_03_074
P50,6121961685498369-WHAT 1.mp4,WHAT2,D_02_084
P50,7232032649197906-BUY.mp4,BUY,D_03_074
P50,8894885784668014-GIVE.mp4,GIVE,F_01_023
P50,18586165627230766-TAKE.mp4,TAKE,G_01_093
P50,9101190053850159-MY.mp4,MY,C_01_060
P50,7378759651365803-ME.mp4,ME,B_01_068
P50,14044591476286405-CRY.mp4,CRY1,B_03_028
P50,774528370095291-CLASS.mp4,CLASS,B_03_068
P50,6276749691211894-WORK.mp4,WORK,B_03_059
P50,6657630771535601-BROTHER.mp4,BROTHER,B_01_065
P50,5236849539661337-AFTER.mp4,AFTER,B_02_030
P50,06785828551921536-PEOPLE.mp4,PEOPLE,C_01_009
P50,7376524834615092-DANCE.mp4,DANCE,B_02_063
P50,21725974099440593-BASEMENT.mp4,BASEMENT,C_01_034
P50,6610091794646322-AND.mp4,AND,B_03_072
P50,6453636152711135-FOR.mp4,FOR,B_03_049
P50,9458795780850124-DAY.mp4,DAY,C_01_044
P50,24626162714112465-HAVE.mp4,HAVE,B_03_057
P50,7072821167111014-ASK.mp4,ASK,B_02_023
P50,42608318827919933-MAKE.mp4,MAKE,C_01_032
P50,7923437195975511-GET.mp4,GET,B_03_007
P50,8630323737077767-FIRST.mp4,FIRST,C_01_033
P50,6724485649936158-KNOW.mp4,KNOW,C_01_048
P50,2103592492150388-NEW.mp4,NEW,B_02_070
P50,09798493578297407-TIME.mp4,TIME,B_02_080
P50,41226016789743136-BAKE 2.mp4,BAKE2,B_01_051
P50,3515165483430771-YEAR.mp4,YEAR,B_02_015
P50,7736875936025043-OTHER.mp4,OTHER,B_02_043
P50,29098784760878327-WHICH.mp4,WHICH,B_01_088
P50,5344192765643432-WHO.mp4,WHO,C_01_041
P50,8637682594769469-TWO.mp4,TWO,C_02_005
P50,4514508116934477-ARM.mp4,ARM1,C_03_043
P50,5285763483087709-THAT.mp4,THAT,C_03_059
P50,16115032785858263-WHEN.mp4,WHEN,C_03_086
P50,36145559671732097-CAN.mp4,CAN1,D_03_027
P50,0518328729489248-THERE.mp4,THERE,D_02_060
P50,15737752814991346-YOU.mp4,YOU,D_02_065
P50,6046104101537046-WANT 2.mp4,WANT1,E_01_025
P50,9947013394836193-BASKET 2.mp4,BASKET1,E_01_060
P50,9813852036339861-ANY.mp4,ANY,G_01_016
P50,8967639675931962-THEN.mp4,THEN,F_01_031
P50,642747642076875-OUR.mp4,OUR,G_02_067
P50,6098421407621473-THAN.mp4,THAN,F_02_002
P50,611169085227955-BACKPACK.mp4,BACKPACK1,G_03_091
P50,8279377520732154-WE.mp4,WE,G_03_019
P50,2661294419108424-DOG 2.mp4,DOG2,J_02_068
P50,8399733138129091-BANANA 2.mp4,BANANA2,K_02_097
P50,5712995193838784-ARM 2.mp4,ARM2,K_01_095
P50,8855995695357335-CAT 2.mp4,CAT2,K_02_047
P50,23126413011429192-WITH.mp4,WITH,C_02_074
P50,12041907153156517-DOG 3.mp4,DOG3,K_01_055
P50,07611885613732006-ARRIVE.mp4,ARRIVE,D_01_073
P50,4112986912815155-WANT.mp4,WANT2,C_03_013
P50,9587260253141514-THEY 2.mp4,THEY2,E_01_044
P50,960937537484494-USE.mp4,USE,D_03_043
P14,699467654395121-CRY.mp4,CRY1,B_03_028
P50,6447196084149984-NOW.mp4,NOW,C_03_062
P50,8514489792831621-WELL.mp4,WELL,D_01_009
P14,8817601615372668-CLASS.mp4,CLASS,B_03_068
P14,8911482652584646-YOUR.mp4,YOUR,F_01_052
P14,20576998509271682-IN.mp4,IN,E_03_062
P14,05881254777524392-UP.mp4,UP,E_01_069
P14,676297947373963-COMPUTER.mp4,COMPUTER,A_01_054
P14,5429448237925083-CAT.mp4,CAT1,A_01_023
P14,46485000872838267-BROTHER.mp4,BROTHER,B_01_065
P14,8572063965111083-AFTER.mp4,AFTER,B_02_030
P14,12973708000593742-PEOPLE.mp4,PEOPLE,C_01_009
P14,24607808302261658-DANCE.mp4,DANCE,B_02_063
P14,08255757265728425-BASEMENT.mp4,BASEMENT,C_01_034
P14,22877680820569246-AND.mp4,AND,B_03_072
P14,8060624856662328-FOR.mp4,FOR,B_03_049
P14,22177855833836602-DAY.mp4,DAY,C_01_044
P14,5646773760707133-DECIDE.mp4,DECIDE1,B_02_074
P14,9756165063743225-GOOD.mp4,GOOD,B_01_052
P14,6291923324148383-DREAM.mp4,DREAM,B_02_044
P14,22733514464849502-HAVE.mp4,HAVE,B_03_057
P50,6697524905280305-BUT.mp4,BUT,D_03_030
P50,4541244868340042-COOK.mp4,COOK,D_03_078
P14,4476273892034506-THAN.mp4,THAN,F_02_002
P50,6933485526589183-MOST.mp4,MOST,E_01_085
P50,04860156292825768-CUT 1.mp4,CUT,E_02_046
P14,5912209471073959-BACKPACK.mp4,BACKPACK1,G_03_091
P14,8906582989498535-WE.mp4,WE,G_03_019
P14,27521240785958523-DOG 2.mp4,DOG2,J_02_068
P14,26472856106608966-NOW.mp4,NOW,C_03_062
P14,9382554948942357-WELL.mp4,WELL,D_01_009
P14,7878792127680321-CALL.mp4,CALL1,C_02_061
P14,370678413428154-NO.mp4,NO,C_03_041
P14,49578083878868284-FRIEND.mp4,FRIEND,D_03_010
P14,45939413036350274-DRAW.mp4,DRAW,D_02_063
P14,014398184955713988-CAR.mp4,CAR,D_02_043
P14,3524725528045667-BUT.mp4,BUT,D_03_030
P14,2716275040253322-COOK.mp4,COOK,D_03_078
P14,5687992644253301-MOST.mp4,MOST,E_01_085
P14,6340529581871053-CUT 1.mp4,CUT,E_02_046
P14,08601207653804144-ON.mp4,ON,E_03_004
P14,4071490924283563-WILL.mp4,WILL,F_03_025
P14,30651763223309914-LIKE.mp4,LIKE,F_03_063
P14,12895587890524562-OVER.mp4,OVER,F_03_079
P50,08660641353187426-ON.mp4,ON,E_03_004
P50,9886246150481413-WILL.mp4,WILL,F_03_025
P50,7707078264255762-LIKE.mp4,LIKE,F_03_063
P50,2296966005698584-OVER.mp4,OVER,F_03_079
P50,39433246279112355-THEY.mp4,THEY1,F_02_103
P50,2078244800048945-BACKPACK 2.mp4,BACKPACK2,G_01_064
P50,24054267763101111-IF.mp4,IF,G_03_017
P50,7481442369961306-BASKET 1.mp4,BASKET2,G_03_070
P50,566304920501683-CARRY.mp4,CARRY,J_02_042
P50,09647000358407887-US.mp4,US,H_03_055
P50,7494866320054456-CRY 2.mp4,CRY2,K_01_003
P50,6618951050574775-CITY 2.mp4,CITY2,K_02_076
P50,7498990857956309-BANANA 3.mp4,BANANA3,K_03_014
P50,1703736894296095-ARM 3.mp4,ARM3,K_02_002
P50,17598574170106196-CALL 2.mp4,CALL2,J_02_048
P50,20492226110701672-GO.mp4,GO,C_03_056
P50,8644015761056447-ALL.mp4,ALL,C_03_088
P50,6995195520164113-CAT 3.mp4,CAT3,K_03_087
P50,3119997663932217-HOW.mp4,HOW1,D_02_082
P50,8895172029622032-DECIDE 2.mp4,DECIDE2,D_03_057
P50,038774598253954684-BACK.mp4,BACK,D_03_029
P50,8968665480794054-DOG.mp4,DOG1,A_01_056
P50,6989267630018225-ACCEPT.mp4,ACCEPT,H_02_042
P50,6028092526149813-APPLE.mp4,APPLE,A_03_054
P50,9265280757528023-BANANA 2.mp4,BANANA2,K_02_097
P50,006383079760259758-BASKET 1.mp4,BASKET2,G_03_070
P50,9630326654304235-CARRY.mp4,CARRY,J_02_042
P50,8070306332906421-US.mp4,US,H_03_055
P50,19692337828000928-CRY 2.mp4,CRY2,K_01_003
P50,29264491659036684-CITY 2.mp4,CITY2,K_02_076
P50,07372597373415801-BANANA 3.mp4,BANANA3,K_03_014
P50,8353385242068521-ARM 3.mp4,ARM3,K_02_002
P50,3234629116378236-CALL 2.mp4,CALL2,J_02_048
P23,27025335951977025-THEN.mp4,THEN,F_01_031
P23,8773281544903357-OUR.mp4,OUR,G_02_067
P23,9377695088876232-CALL.mp4,CALL1,C_02_061
P23,5309657970849855-NO.mp4,NO,C_03_041
P23,38529566276462957-FRIEND.mp4,FRIEND,D_03_010
P23,36528908736255716-DRAW.mp4,DRAW,D_02_063
P23,9611592796504793-CAR.mp4,CAR,D_02_043
P23,09925483539097146-THEY.mp4,THEY1,F_02_103
P23,5537599871113299-BACKPACK 2.mp4,BACKPACK2,G_01_064
P23,15319228927038453-IF.mp4,IF,G_03_017
P23,34412803422551264-ARM 2.mp4,ARM2,K_01_095
P23,31368956593807007-CAT 2.mp4,CAT2,K_02_047
P23,018283997920143236-WITH.mp4,WITH,C_02_074
P23,4644337642526639-DOG 3.mp4,DOG3,K_01_055
P23,5065610723337552-ARRIVE.mp4,ARRIVE,D_01_073
P23,35453002868935335-WANT.mp4,WANT2,C_03_013
P23,1890921247559474-THEY 2.mp4,THEY2,E_01_044
P23,38257366140064475-USE.mp4,USE,D_03_043
P23,7701619196687932-GO.mp4,GO,C_03_056
P23,6444159193280847-ALL.mp4,ALL,C_03_088
P23,8057166868332075-CAT 3.mp4,CAT3,K_03_087
P23,7619249009553695-CRY 4.mp4,CRY3,K_03_060
P23,4491594387505147-HOW 2.mp4,HOW2,F_02_086
P23,8203534031192887-BRING.mp4,BRING,F_03_004
P23,13621047910967188-BELIEVE 2.mp4,BELIEVE2,G_02_011
P23,788830996958021-AT.mp4,AT,J_01_055
P23,5564328627583011-DOG 4.mp4,DOG4,H_02_103
P23,23585140868095378-BED 2.mp4,BED2,K_03_004
P23,7869034994705406-SEE.mp4,SEE,C_02_030
P23,32614388088971524-CRY 3.mp4,CRY4,K_02_040
P23,2903285066765289-THINK.mp4,THINK,C_03_053
P23,531692335723785-WHAT 2.mp4,WHAT1,D_02_094
P23,3921320702075002-COME.mp4,COME,C_03_074
P23,6316119461023724-WHAT 1.mp4,WHAT2,D_02_084
P23,2318554220032114-BUY.mp4,BUY,D_03_074
P24,44123846585091897-GIVE.mp4,GIVE,F_01_023
P24,29695580191852833-TAKE.mp4,TAKE,G_01_093
P24,3691812206957721-HIS.mp4,HIS,F_02_058
P10,9883619861259862-PEOPLE.mp4,PEOPLE,C_01_009
P10,2267117315681657-OTHER.mp4,OTHER,B_02_043
P27,0809565046350682-PEOPLE.mp4,PEOPLE,C_01_009
P27,37424308291678976-OTHER.mp4,OTHER,B_02_043
P27,7637974157738328-DOG 2.mp4,DOG2,J_02_068
P10,04339458533485785-DOG 2.mp4,DOG2,J_02_068
P27,1427674405624375-BANANA 2.mp4,BANANA2,K_02_097
P27,7347421058535237-NOW.mp4,NOW,C_03_062
P27,24003583559252006-WELL.mp4,WELL,D_01_009
P27,7973347762366394-CALL.mp4,CALL1,C_02_061
P27,9644130188424822-NO.mp4,NO,C_03_041
P27,011107081071308533-FRIEND.mp4,FRIEND,D_03_010
P27,3326774842275386-DRAW.mp4,DRAW,D_02_063
P27,8388170938413793-CAR.mp4,CAR,D_02_043
P27,7112555883230487-BUT.mp4,BUT,D_03_030
P27,33897237112345024-COOK.mp4,COOK,D_03_078
P27,6317674942913138-MOST.mp4,MOST,E_01_085
P27,2608922694900422-CUT 1.mp4,CUT,E_02_046
P27,7627152045306498-ON.mp4,ON,E_03_004
P27,4499077528509321-WILL.mp4,WILL,F_03_025
P27,23961420213829476-LIKE.mp4,LIKE,F_03_063
P27,9646072432185906-OVER.mp4,OVER,F_03_079
P27,5781985412875206-THEY.mp4,THEY1,F_02_103
P27,8951530903526663-BACKPACK 2.mp4,BACKPACK2,G_01_064
P27,3225443678801754-IF.mp4,IF,G_03_017
P27,5086749879832344-ARM 2.mp4,ARM2,K_01_095
P27,7934525224977382-CAT 2.mp4,CAT2,K_02_047
P27,6726489670120124-WITH.mp4,WITH,C_02_074
P27,18379932971765545-ARRIVE.mp4,ARRIVE,D_01_073
P27,3243330513888747-WANT.mp4,WANT2,C_03_013
P27,017039216707916305-THEY 2.mp4,THEY2,E_01_044
P4,48097312813575877-CANCEL 2.mp4,CANCEL2,J_02_040
P4,17598265136392288-BELIEVE.mp4,BELIEVE1,D_02_049
P4,26402390265466935-MY.mp4,MY,C_01_060
P4,4545746926162382-ME.mp4,ME,B_01_068
P4,09601523848886329-ABOUT.mp4,ABOUT1,B_02_072
P4,6487591957325043-FROM.mp4,FROM,D_01_059
P4,5044080858509297-ABOUT 2.mp4,ABOUT2,B_02_003
P4,19708892618191043-DOG.mp4,DOG1,A_01_056
P4,3028554929015699-YOUR.mp4,YOUR,F_01_052
P4,6700107607651118-IN.mp4,IN,E_03_062
P4,9209285416198858-UP.mp4,UP,E_01_069
P4,13898861407037555-ACCEPT.mp4,ACCEPT,H_02_042
P4,46716183443978054-DECIDE.mp4,DECIDE1,B_02_074
P4,9765414961236116-APPLE.mp4,APPLE,A_03_054
P4,04439224802145447-GOOD.mp4,GOOD,B_01_052
P4,52575234524012-DREAM.mp4,DREAM,B_02_044
P4,07578464379765082-ASK.mp4,ASK,B_02_023
P4,10010774201312977-MAKE.mp4,MAKE,C_01_032
P4,9488983898660588-GET.mp4,GET,B_03_007
P4,1871515618939661-FIRST.mp4,FIRST,C_01_033
P4,0932553475843072-KNOW.mp4,KNOW,C_01_048
P4,0979531942148637-NEW.mp4,NEW,B_02_070
P4,052979060600704786-TIME.mp4,TIME,B_02_080
P4,9512950839143033-BAKE 2.mp4,BAKE2,B_01_051
P4,9034293336756236-YEAR.mp4,YEAR,B_02_015
P4,5035740884520834-CAN.mp4,CAN1,D_03_027
P4,5057296262250581-THERE.mp4,THERE,D_02_060
P4,14637905185166056-YOU.mp4,YOU,D_02_065
P4,37525602333648655-OUT.mp4,OUT,E_02_066
P29,08859845078833506-WANT 2.mp4,WANT1,E_01_025
P29,7755254475961448-BASKET 2.mp4,BASKET1,E_01_060
P29,9079685313496106-ANY.mp4,ANY,G_01_016
P30,19958109281644143-WANT 2.mp4,WANT1,E_01_025
P30,439371468936959-BASKET 2.mp4,BASKET1,E_01_060
P29,3206527375263768-DOG 3.mp4,DOG3,K_01_055
P29,4474414972741163-DOG 4.mp4,DOG4,H_02_103
P25,5087208567483212-BED 2.mp4,BED2,K_03_004
P30,05469295194551127-SEE.mp4,SEE,C_02_030
P30,3022567835019063-CRY 3.mp4,CRY4,K_02_040
P30,46593950586469-THINK.mp4,THINK,C_03_053
P30,8907945228853642-WHAT 2.mp4,WHAT1,D_02_094
P30,0037424501970932944-CAN 2.mp4,CAN2,K_02_027
P30,2969419417032846-CLASS.mp4,CLASS,B_03_068
P30,4908670885275046-ONE.mp4,ONE,F_03_012
P30,3513668464156181-COMPUTER.mp4,COMPUTER,A_01_054
P30,13847335359859358-CAT.mp4,CAT1,A_01_023
P30,8916089704288508-BAKE 1.mp4,BAKE1,A_01_060
P29,45165582495328493-CHAIR.mp4,CHAIR,A_01_017
P29,8238388791773112-COMPUTER.mp4,COMPUTER,A_01_054
P29,14507227119695498-CAT.mp4,CAT1,A_01_023
P29,8150885373795742-BAKE 1.mp4,BAKE1,A_01_060
P29,44709542373395816-FOR.mp4,FOR,B_03_049
P29,3330476518655734-DECIDE.mp4,DECIDE1,B_02_074
P29,250480772445395-APPLE.mp4,APPLE,A_03_054
P30,7108033064563866-FOR.mp4,FOR,B_03_049
P30,6849916550986419-DAY.mp4,DAY,C_01_044
P30,07560434947963057-DECIDE.mp4,DECIDE1,B_02_074
P30,1242799684009872-APPLE.mp4,APPLE,A_03_054
P30,7633870830493861-GOOD.mp4,GOOD,B_01_052
P30,815211667786385-DREAM.mp4,DREAM,B_02_044
P30,07925466246458779-HAVE.mp4,HAVE,B_03_057
P30,4350117815065837-ASK.mp4,ASK,B_02_023
P30,35685665490030827-MAKE.mp4,MAKE,C_01_032
P30,41092589478033603-GET.mp4,GET,B_03_007
P30,9328642600089894-FIRST.mp4,FIRST,C_01_033
P30,025800900162109563-KNOW.mp4,KNOW,C_01_048
P30,4123694063473642-NEW.mp4,NEW,B_02_070
P30,6017424580561013-TIME.mp4,TIME,B_02_080
P30,9251767526254595-BAKE 2.mp4,BAKE2,B_01_051
P30,2027477584552939-YEAR.mp4,YEAR,B_02_015
P30,21869286125340692-WHICH.mp4,WHICH,B_01_088
P30,9311041997261886-WHO.mp4,WHO,C_01_041
P30,4014306365480844-TWO.mp4,TWO,C_02_005
P30,5860397571577944-ARM.mp4,ARM1,C_03_043
P30,8943190369360143-THAT.mp4,THAT,C_03_059
P30,41444382165121185-WHEN.mp4,WHEN,C_03_086
P30,6116759456790979-CAN.mp4,CAN1,D_03_027
P30,32698710913179974-THERE.mp4,THERE,D_02_060
P30,7924736335453846-YOU.mp4,YOU,D_02_065
P30,6791117576049817-OUT.mp4,OUT,E_02_066
P29,021086769419008-THEN.mp4,THEN,F_01_031
P29,4622631870868583-OUR.mp4,OUR,G_02_067
P29,13423516241234124-THAN.mp4,THAN,F_02_002
P29,7919984377887563-BACKPACK.mp4,BACKPACK1,G_03_091
P29,8865858542977822-WE.mp4,WE,G_03_019
P29,38826078468983827-BANANA 2.mp4,BANANA2,K_02_097
P27,8734720785972614-ANY.mp4,ANY,G_01_016
P27,27474639667056655-BASKET 1.mp4,BASKET2,G_03_070
P27,8281002546918574-CARRY.mp4,CARRY,J_02_042
P27,33399725152990056-US.mp4,US,H_03_055
P27,36785071709852524-CRY 2.mp4,CRY2,K_01_003
P27,8035726544061721-CITY 2.mp4,CITY2,K_02_076
P27,9969630991010638-BANANA 3.mp4,BANANA3,K_03_014
P27,18252662803841702-ARM 3.mp4,ARM3,K_02_002
P27,28418537416580425-CALL 2.mp4,CALL2,J_02_048
P27,9981647509356435-GO.mp4,GO,C_03_056
P27,8633963006612502-ALL.mp4,ALL,C_03_088
P27,5704716266430077-CAT 3.mp4,CAT3,K_03_087
P27,8190663704033752-HOW.mp4,HOW1,D_02_082
P27,23761637775592637-DECIDE 2.mp4,DECIDE2,D_03_057
P27,9257789020616767-BACK.mp4,BACK,D_03_029
P27,2639804474887051-CRY 4.mp4,CRY3,K_03_060
P27,7257805929367986-HOW 2.mp4,HOW2,F_02_086
P27,826816062024069-CANCEL.mp4,CANCEL1,F_03_083
P27,5546070478739027-BRING.mp4,BRING,F_03_004
P27,5158751085904376-BELIEVE 2.mp4,BELIEVE2,G_02_011
P27,306561078080563-DAUGHTER.mp4,DAUGHTER,E_02_023
P27,9758520719152322-TO.mp4,TO,E_03_086
P27,29696185628675864-AT.mp4,AT,J_01_055
P27,8954637787648481-BED 2.mp4,BED2,K_03_004
P31,38976954206684145-WILL.mp4,WILL,F_03_025
P31,3221250728567113-LIKE.mp4,LIKE,F_03_063
P31,5421164488339045-OVER.mp4,OVER,F_03_079
P31,9975042171428656-THEY.mp4,THEY1,F_02_103
P31,5533146930240067-BACKPACK 2.mp4,BACKPACK2,G_01_064
P31,6382762755518896-IF.mp4,IF,G_03_017
P31,7558669315015107-ARM 2.mp4,ARM2,K_01_095
P31,5375257604030863-CAT 2.mp4,CAT2,K_02_047
P31,15493757392401397-WITH.mp4,WITH,C_02_074
P31,6774271687103819-ARRIVE.mp4,ARRIVE,D_01_073
P31,7315299526625414-WANT.mp4,WANT2,C_03_013
P31,09617550360679328-THEY 2.mp4,THEY2,E_01_044
P31,7336423530839682-CRY 3.mp4,CRY4,K_02_040
P31,26212242869528013-THINK.mp4,THINK,C_03_053
P31,18362037497753203-WHAT 2.mp4,WHAT1,D_02_094
P31,45473820037956725-COME.mp4,COME,C_03_074
P31,2868793159710059-WHAT 1.mp4,WHAT2,D_02_084
P31,5111466042929094-BUY.mp4,BUY,D_03_074
P31,6525872000407231-GIVE.mp4,GIVE,F_01_023
P31,38797732173583244-TAKE.mp4,TAKE,G_01_093
P31,23480785448562846-HIS.mp4,HIS,F_02_058
P31,8973676214903228-ADOPT.mp4,ADOPT,J_03_014
P31,35368629765645543-BANANA 4.mp4,BANANA4,K_01_061
P31,164474263734949-CAN 2.mp4,CAN2,K_02_027
P31,9480206423013999-CANCEL 2.mp4,CANCEL2,J_02_040
P31,4816515472899561-BELIEVE.mp4,BELIEVE1,D_02_049
P31,5701892416175667-MY.mp4,MY,C_01_060
P31,6366246076484883-ME.mp4,ME,B_01_068
P31,5060749228749462-CRY.mp4,CRY1,B_03_028
P31,07774053851834362-CLASS.mp4,CLASS,B_03_068
P31,0581324289346532-ABOUT.mp4,ABOUT1,B_02_072
P31,8758504401693781-FROM.mp4,FROM,D_01_059
P31,5888768026718825-ABOUT 2.mp4,ABOUT2,B_02_003
P31,5971633862957073-DOG.mp4,DOG1,A_01_056
P31,69094637897625-YOUR.mp4,YOUR,F_01_052
P31,34931022032212566-IN.mp4,IN,E_03_062
P31,6216877464477266-UP.mp4,UP,E_01_069
P31,3825573692483548-ACCEPT.mp4,ACCEPT,H_02_042
P31,668598461596636-ONE.mp4,ONE,F_03_012
P31,4845730407263651-OR.mp4,OR,F_03_081
P31,9286059304066496-CLEAN.mp4,CLEAN,E_03_082
P31,7663897936884498-ADD.mp4,ADD,E_02_030
P29,4460836108274411-BROTHER.mp4,BROTHER,B_01_065
P29,01316102358914506-OTHER.mp4,OTHER,B_02_043
P29,5215592040153327-WHEN.mp4,WHEN,C_03_086
P29,46241569122262693-CAN.mp4,CAN1,D_03_027
P29,48171883509777436-THERE.mp4,THERE,D_02_060
P29,7807683495721192-YOU.mp4,YOU,D_02_065
P29,6275581915874648-OUT.mp4,OUT,E_02_066
P29,4720430361532839-NOW.mp4,NOW,C_03_062
P29,750495117799528-WELL.mp4,WELL,D_01_009
P29,13447415576104582-CALL.mp4,CALL1,C_02_061
P29,9616432008129339-NO.mp4,NO,C_03_041
P29,5227323060671167-FRIEND.mp4,FRIEND,D_03_010
P29,8751792754159935-DRAW.mp4,DRAW,D_02_063
P29,9112247155918443-CAR.mp4,CAR,D_02_043
P29,0827185407091835-BUT.mp4,BUT,D_03_030
P29,8779458776112159-COOK.mp4,COOK,D_03_078
P29,9902806254033234-MOST.mp4,MOST,E_01_085
P29,07645472579613366-CUT 1.mp4,CUT,E_02_046
P29,31576138725855984-ON.mp4,ON,E_03_004
P29,45526121264689223-WILL.mp4,WILL,F_03_025
P29,030195387372940363-LIKE.mp4,LIKE,F_03_063
P29,3160820453130053-OVER.mp4,OVER,F_03_079
P29,6030593909711668-THEY.mp4,THEY1,F_02_103
P29,6085024011490985-BACKPACK 2.mp4,BACKPACK2,G_01_064
P29,4298525435081315-IF.mp4,IF,G_03_017
P29,5299391045417969-CAT 2.mp4,CAT2,K_02_047
P29,8306055948490398-WITH.mp4,WITH,C_02_074
P29,34469848178573526-ARRIVE.mp4,ARRIVE,D_01_073
P29,9310781022563859-WANT.mp4,WANT2,C_03_013
P29,5908339040615167-THEY 2.mp4,THEY2,E_01_044
P30,4921646148064034-ANY.mp4,ANY,G_01_016
P31,8336503418129162-WANT 2.mp4,WANT1,E_01_025
P31,5216403614173517-BASKET 2.mp4,BASKET1,E_01_060
P31,9685912199905802-THAN.mp4,THAN,F_02_002
P31,7649614743886621-BACKPACK.mp4,BACKPACK1,G_03_091
P31,4544218531641271-WE.mp4,WE,G_03_019
P31,8012380163696133-DOG 3.mp4,DOG3,K_01_055
P31,9267756174185333-USE.mp4,USE,D_03_043
P31,8151610134352529-BASKET 1.mp4,BASKET2,G_03_070
P31,3943303069790691-CARRY.mp4,CARRY,J_02_042
P31,5305128485341435-US.mp4,US,H_03_055
P31,7095944011052224-CRY 2.mp4,CRY2,K_01_003
P31,7031865514468971-CITY 2.mp4,CITY2,K_02_076
P31,7606913130805875-BANANA 3.mp4,BANANA3,K_03_014
P31,1535086938572987-ARM 3.mp4,ARM3,K_02_002
P31,19799790229560266-CALL 2.mp4,CALL2,J_02_048
P31,10496700688928162-GO.mp4,GO,C_03_056
P31,7188630671751595-ALL.mp4,ALL,C_03_088
P31,745954838858712-CAT 3.mp4,CAT3,K_03_087
P31,8268472142479768-HOW.mp4,HOW1,D_02_082
P31,1940641358883035-DECIDE 2.mp4,DECIDE2,D_03_057
P31,8460960041709475-BACK.mp4,BACK,D_03_029
P31,35602288138045957-CRY 4.mp4,CRY3,K_03_060
P31,9421879642468542-HOW 2.mp4,HOW2,F_02_086
P30,9777404623176615-THAN.mp4,THAN,F_02_002
P30,24001863381813804-BACKPACK.mp4,BACKPACK1,G_03_091
P30,6257769266405475-WE.mp4,WE,G_03_019
P30,46139737672646897-DOG 3.mp4,DOG3,K_01_055
P31,29952754466245346-CANCEL.mp4,CANCEL1,F_03_083
P31,6906316667946333-BRING.mp4,BRING,F_03_004
P31,6485417827080484-BELIEVE 2.mp4,BELIEVE2,G_02_011
P31,4266763482408147-DAUGHTER.mp4,DAUGHTER,E_02_023
P31,3317802933195262-AT.mp4,AT,J_01_055
P31,7684117753801394-DOG 4.mp4,DOG4,H_02_103
P31,8756807143676495-BED 2.mp4,BED2,K_03_004
P31,5211790905432687-SEE.mp4,SEE,C_02_030
P27,006220024505852351-CRY 3.mp4,CRY4,K_02_040
P27,5338341147221657-THINK.mp4,THINK,C_03_053
P27,1532464203763655-WHAT 2.mp4,WHAT1,D_02_094
P27,39081440676355306-COME.mp4,COME,C_03_074
P27,9648437167288393-WHAT 1.mp4,WHAT2,D_02_084
P27,8805093244785585-BUY.mp4,BUY,D_03_074
P30,4599598422259412-FROM.mp4,FROM,D_01_059
P30,8132155656633913-ABOUT 2.mp4,ABOUT2,B_02_003
P30,10681327535287743-DOG.mp4,DOG1,A_01_056
P30,19561663745070268-YOUR.mp4,YOUR,F_01_052
P30,04197539325319677-IN.mp4,IN,E_03_062
P30,9510539228184098-UP.mp4,UP,E_01_069
P30,8672733734596332-ACCEPT.mp4,ACCEPT,H_02_042
P30,08145138980855471-NOT.mp4,NOT,E_01_100
P30,1724846081232847-HE.mp4,HE,F_02_044
P30,5022525293446289-OR.mp4,OR,F_03_081
P30,001775727155786777-CLEAN.mp4,CLEAN,E_03_082
P30,2844569778956776-ADD.mp4,ADD,E_02_030
P29,058506224158483056-BIRD.mp4,BIRD,A_01_041
P29,30658114683051063-BED.mp4,BED1,A_03_037
P29,5942246465837886-SOME.mp4,SOME,B_01_020
P29,8846589026474325-BANANA.mp4,BANANA1,A_03_002
P29,7696010834527953-DOOR.mp4,DOOR,A_03_052
P29,5733907510833633-CITY.mp4,CITY1,B_01_029
P29,6275191215658549-BECAUSE.mp4,BECAUSE,B_01_049
P29,0566177886642838-WORK.mp4,WORK,B_03_059
P29,4804221082509599-AFTER.mp4,AFTER,B_02_030
P29,5398924866279164-PEOPLE.mp4,PEOPLE,C_01_009
P29,4225843946218695-DANCE.mp4,DANCE,B_02_063
P29,40583657893518343-BASEMENT.mp4,BASEMENT,C_01_034
P29,6211759212759429-AND.mp4,AND,B_03_072
P29,9521412407799632-GOOD.mp4,GOOD,B_01_052
P31,32004316932420407-BIRD.mp4,BIRD,A_01_041
P31,8290052980281477-BED.mp4,BED1,A_03_037
P31,799786747680971-SOME.mp4,SOME,B_01_020
P31,060829601278153955-BANANA.mp4,BANANA1,A_03_002
P31,4339408352971128-DOOR.mp4,DOOR,A_03_052
P31,4604539063556965-CITY.mp4,CITY1,B_01_029
P31,1749913115066799-BECAUSE.mp4,BECAUSE,B_01_049
P31,6581185847498976-WORK.mp4,WORK,B_03_059
P31,22790289140952047-BROTHER.mp4,BROTHER,B_01_065
P31,373844328471163-AFTER.mp4,AFTER,B_02_030
P31,6337283569057566-PEOPLE.mp4,PEOPLE,C_01_009
P31,6209480351056993-DANCE.mp4,DANCE,B_02_063
P31,11586943364460267-BASEMENT.mp4,BASEMENT,C_01_034
P31,8117978857369621-AND.mp4,AND,B_03_072
P31,5088051624336825-GOOD.mp4,GOOD,B_01_052
P31,4279095076907147-DREAM.mp4,DREAM,B_02_044
P31,933847098991408-HAVE.mp4,HAVE,B_03_057
P31,5662653500807588-ASK.mp4,ASK,B_02_023
P31,2656237341874321-MAKE.mp4,MAKE,C_01_032
P31,42515780003883696-GET.mp4,GET,B_03_007
P31,08466916365389898-FIRST.mp4,FIRST,C_01_033
P31,1431969749910329-KNOW.mp4,KNOW,C_01_048
P31,384129790604834-NEW.mp4,NEW,B_02_070
P31,566327103640174-TIME.mp4,TIME,B_02_080
P31,8648946495776966-BAKE 2.mp4,BAKE2,B_01_051
P31,028806526364878682-YEAR.mp4,YEAR,B_02_015
P31,9494489299618922-OTHER.mp4,OTHER,B_02_043
P31,9535426106915468-WHICH.mp4,WHICH,B_01_088
P31,8661268196723311-WHO.mp4,WHO,C_01_041
P31,9387385435760369-TWO.mp4,TWO,C_02_005
P31,342405409229809-ARM.mp4,ARM1,C_03_043
P31,6313497854360246-THAT.mp4,THAT,C_03_059
P31,6191553425770482-WHEN.mp4,WHEN,C_03_086
P31,8668048115102265-CAN.mp4,CAN1,D_03_027
P31,4778160186607152-THERE.mp4,THERE,D_02_060
P31,2775935043696396-YOU.mp4,YOU,D_02_065
P29,9568637942580531-DREAM.mp4,DREAM,B_02_044
P29,5451239257795701-HAVE.mp4,HAVE,B_03_057
P31,45737247055774155-ANY.mp4,ANY,G_01_016
P31,25229528579624927-THEN.mp4,THEN,F_01_031
P31,3921416525659833-OUR.mp4,OUR,G_02_067
P31,5245766939463363-DOG 2.mp4,DOG2,J_02_068
P31,015501370086214994-BANANA 2.mp4,BANANA2,K_02_097
P29,656039289068084-ASK.mp4,ASK,B_02_023
P29,7576174422043422-MAKE.mp4,MAKE,C_01_032
P29,9801358241383138-GET.mp4,GET,B_03_007
P29,17240949757701873-FIRST.mp4,FIRST,C_01_033
P29,5769834749413745-KNOW.mp4,KNOW,C_01_048
P31,9903010368188014-NOW.mp4,NOW,C_03_062
P29,6139256956566563-NEW.mp4,NEW,B_02_070
P31,0691477621420522-WELL.mp4,WELL,D_01_009
P31,7215555881524609-CALL.mp4,CALL1,C_02_061
P31,01379619951634381-NO.mp4,NO,C_03_041
P29,3521379034117642-TIME.mp4,TIME,B_02_080
P29,7442490506391379-BAKE 2.mp4,BAKE2,B_01_051
P29,9417609246035323-YEAR.mp4,YEAR,B_02_015
P31,002814626086696137-FRIEND.mp4,FRIEND,D_03_010
P29,354310345503982-WHICH.mp4,WHICH,B_01_088
P29,6013608694688473-WHO.mp4,WHO,C_01_041
P31,18316395058805113-DRAW.mp4,DRAW,D_02_063
P31,5473593468641376-CAR.mp4,CAR,D_02_043
P31,4811223472427677-BUT.mp4,BUT,D_03_030
P29,31861245782766745-TWO.mp4,TWO,C_02_005
P31,17921606728608785-COOK.mp4,COOK,D_03_078
P29,4115576239013734-THAT.mp4,THAT,C_03_059
P31,8588201710753096-MOST.mp4,MOST,E_01_085
P31,48573729120857245-CUT 1.mp4,CUT,E_02_046
P31,5674136240214718-ON.mp4,ON,E_03_004
P29,1659139172018833-DOG 2.mp4,DOG2,J_02_068
P27,5148839477289167-WANT 2.mp4,WANT1,E_01_025
P27,8720752409701227-BASKET 2.mp4,BASKET1,E_01_060
P27,9645564112866789-USE.mp4,USE,D_03_043
P31,8894742158302094-FOR.mp4,FOR,B_03_049
P31,9507779782999788-DAY.mp4,DAY,C_01_044
P31,3533518842269767-DECIDE.mp4,DECIDE1,B_02_074
P31,8470559627358119-APPLE.mp4,APPLE,A_03_054
P27,24962171644696074-SEE.mp4,SEE,C_02_030
P27,0756193896626629-GIVE.mp4,GIVE,F_01_023
P31,9713754187357793-CHAIR.mp4,CHAIR,A_01_017
P31,6643964303284857-COMPUTER.mp4,COMPUTER,A_01_054
P31,7248015777034036-CAT.mp4,CAT1,A_01_023
P31,8779131239812368-BAKE 1.mp4,BAKE1,A_01_060
P31,6475011403601416-WANT 2.mp4,WANT1,E_01_025
P31,019388300515752244-BASKET 2.mp4,BASKET1,E_01_060
P31,662703939312993-ARM 2.mp4,ARM2,K_01_095
P31,006759596328494544-WANT.mp4,WANT2,C_03_013
P31,8920586642249506-THEY 2.mp4,THEY2,E_01_044
P31,592667137178787-USE.mp4,USE,D_03_043
P25,14991994807763365-WANT 2.mp4,WANT1,E_01_025
P25,6792647892240318-BASKET 2.mp4,BASKET1,E_01_060
P25,07633341897365775-ARM 2.mp4,ARM2,K_01_095
P25,0736334414323001-WANT.mp4,WANT2,C_03_013
P25,7118160495490449-THEY 2.mp4,THEY2,E_01_044
P30,49804477124545277-BASKET 1.mp4,BASKET2,G_03_070
P30,13891288289254722-CARRY.mp4,CARRY,J_02_042
P29,6456946490521305-BASKET 1.mp4,BASKET2,G_03_070
P29,21707778863828664-CARRY.mp4,CARRY,J_02_042
P29,35186765987046-US.mp4,US,H_03_055
P29,7859631578878876-CRY 2.mp4,CRY2,K_01_003
P29,5794550947424917-CITY 2.mp4,CITY2,K_02_076
P29,5868430871467714-BANANA 3.mp4,BANANA3,K_03_014
P29,3532171049708259-ARM 3.mp4,ARM3,K_02_002
P29,9097924340907628-CALL 2.mp4,CALL2,J_02_048
P29,8354410716389704-GO.mp4,GO,C_03_056
P29,7962669167520577-ALL.mp4,ALL,C_03_088
P29,6845486811577493-CAT 3.mp4,CAT3,K_03_087
P29,4657020083869885-HOW.mp4,HOW1,D_02_082
P29,4694405770432466-DECIDE 2.mp4,DECIDE2,D_03_057
P29,6865019153776013-BACK.mp4,BACK,D_03_029
P33,6417802100169052-CANCEL.mp4,CANCEL1,F_03_083
P33,5537984819397639-BELIEVE 2.mp4,BELIEVE2,G_02_011
P33,628588736491889-DAUGHTER.mp4,DAUGHTER,E_02_023
P33,11077818738004175-TO.mp4,TO,E_03_086
P33,4079845328901164-AT.mp4,AT,J_01_055
P33,4172639647210721-DOG 4.mp4,DOG4,H_02_103
P33,7699503992300363-BED 2.mp4,BED2,K_03_004
P33,6517130075174709-CRY 3.mp4,CRY4,K_02_040
P33,16629744901108845-THINK.mp4,THINK,C_03_053
P33,600407709572452-WHAT 2.mp4,WHAT1,D_02_094
P33,055732368427704904-COME.mp4,COME,C_03_074
P33,028829908292230533-WHAT 1.mp4,WHAT2,D_02_084
P33,08200157733778402-BUY.mp4,BUY,D_03_074
P33,5610991690723652-TAKE.mp4,TAKE,G_01_093
P33,9721413799301013-HIS.mp4,HIS,F_02_058
P33,13686968360481266-ADOPT.mp4,ADOPT,J_03_014
P33,7018929145658066-BANANA 4.mp4,BANANA4,K_01_061
P33,6440093937901741-CAN 2.mp4,CAN2,K_02_027
P33,906161163046707-CANCEL 2.mp4,CANCEL2,J_02_040
P33,4874922733327143-BELIEVE.mp4,BELIEVE1,D_02_049
P33,45496556401826393-MY.mp4,MY,C_01_060
P33,8334054758517455-ME.mp4,ME,B_01_068
P33,8111669696142849-CRY.mp4,CRY1,B_03_028
P33,5343858070791343-CLASS.mp4,CLASS,B_03_068
P33,26308999181412385-ABOUT.mp4,ABOUT1,B_02_072
P33,8003798975539516-FROM.mp4,FROM,D_01_059
P33,11906487084985518-ABOUT 2.mp4,ABOUT2,B_02_003
P33,6099821247676596-DOG.mp4,DOG1,A_01_056
P33,7290227249431431-YOUR.mp4,YOUR,F_01_052
P33,9050952764256053-IN.mp4,IN,E_03_062
P33,9964545639510212-UP.mp4,UP,E_01_069
P33,15613180861648712-ACCEPT.mp4,ACCEPT,H_02_042
P33,5739046320667345-ONE.mp4,ONE,F_03_012
P33,5176992731592229-NOT.mp4,NOT,E_01_100
P33,71363394216049-HE.mp4,HE,F_02_044
P33,6261771503592783-OR.mp4,OR,F_03_081
P33,9182841358114713-CLEAN.mp4,CLEAN,E_03_082
P33,5018086720482857-ADD.mp4,ADD,E_02_030
P33,9457188046017566-BROTHER.mp4,BROTHER,B_01_065
P33,399023273755142-OTHER.mp4,OTHER,B_02_043
P33,30382614404841557-ARM.mp4,ARM1,C_03_043
P33,5845121089874201-WHEN.mp4,WHEN,C_03_086
P33,978762416079457-CAN.mp4,CAN1,D_03_027
P33,1883852554217369-THERE.mp4,THERE,D_02_060
P33,9739021665350334-YOU.mp4,YOU,D_02_065
P33,8559193215357555-OUT.mp4,OUT,E_02_066
P33,867052190431427-ANY.mp4,ANY,G_01_016
P33,7590933213177857-THEN.mp4,THEN,F_01_031
P33,8190388557778636-OUR.mp4,OUR,G_02_067
P33,035028284758514605-THAN.mp4,THAN,F_02_002
P33,44214595315415406-BACKPACK.mp4,BACKPACK1,G_03_091
P33,5641210498834153-WE.mp4,WE,G_03_019
P33,683015360712729-BANANA 2.mp4,BANANA2,K_02_097
P29,1707432122426893-CRY 4.mp4,CRY3,K_03_060
P29,31724875643038497-HOW 2.mp4,HOW2,F_02_086
P29,39288913784278634-CANCEL.mp4,CANCEL1,F_03_083
P29,7208966917812758-BRING.mp4,BRING,F_03_004
P29,0965468878918525-BELIEVE 2.mp4,BELIEVE2,G_02_011
P29,26214283361391-DAUGHTER.mp4,DAUGHTER,E_02_023
P29,04515584665453254-TO.mp4,TO,E_03_086
P29,8917663215622751-AT.mp4,AT,J_01_055
P33,889813465655797-BUT.mp4,BUT,D_03_030
P33,36932852718092146-COOK.mp4,COOK,D_03_078
P33,368543931547731-MOST.mp4,MOST,E_01_085
P33,8294694415938604-CUT 1.mp4,CUT,E_02_046
P33,5736063075890796-ON.mp4,ON,E_03_004
P33,1450341846445946-WILL.mp4,WILL,F_03_025
P33,6630595446275149-LIKE.mp4,LIKE,F_03_063
P33,3391476369433619-OVER.mp4,OVER,F_03_079
P33,6172830148886315-THEY.mp4,THEY1,F_02_103
P33,2644081475543494-BACKPACK 2.mp4,BACKPACK2,G_01_064
P33,3235848578538094-IF.mp4,IF,G_03_017
P33,400006247516949-CAT 2.mp4,CAT2,K_02_047
P33,1827591047370174-WITH.mp4,WITH,C_02_074
P33,8498126535578554-DOG 3.mp4,DOG3,K_01_055
P33,4495957736190752-ARRIVE.mp4,ARRIVE,D_01_073
P33,8604707601521446-US.mp4,US,H_03_055
P33,800208464786724-CRY 2.mp4,CRY2,K_01_003
P33,21073681714343873-CITY 2.mp4,CITY2,K_02_076
P33,7545351964314084-BANANA 3.mp4,BANANA3,K_03_014
P33,252084110246515-ARM 3.mp4,ARM3,K_02_002
P33,15802490761595167-CALL 2.mp4,CALL2,J_02_048
P33,7813105619399183-GO.mp4,GO,C_03_056
P33,9449592378441061-ALL.mp4,ALL,C_03_088
P33,896296654107809-CAT 3.mp4,CAT3,K_03_087
P33,6445699135022072-HOW.mp4,HOW1,D_02_082
P33,5576697775514508-DECIDE 2.mp4,DECIDE2,D_03_057
P33,9759361547236995-BACK.mp4,BACK,D_03_029
P33,6589458102490988-SEE.mp4,SEE,C_02_030
P33,8691068748116906-GIVE.mp4,GIVE,F_01_023
P33,19632033474430832-BIRD.mp4,BIRD,A_01_041
P33,046595070103822245-BED.mp4,BED1,A_03_037
P33,1431599947158222-SOME.mp4,SOME,B_01_020
P33,3584393975817912-BANANA.mp4,BANANA1,A_03_002
P33,12547377142602878-DOOR.mp4,DOOR,A_03_052
P33,20892000342246497-CITY.mp4,CITY1,B_01_029
P33,4781099375717477-BECAUSE.mp4,BECAUSE,B_01_049
P33,03669973155553041-WORK.mp4,WORK,B_03_059
P33,12026210743939236-AFTER.mp4,AFTER,B_02_030
P33,1012449329906624-PEOPLE.mp4,PEOPLE,C_01_009
P33,23471344689689477-DANCE.mp4,DANCE,B_02_063
P33,3433650270102031-BASEMENT.mp4,BASEMENT,C_01_034
P33,684437252563328-AND.mp4,AND,B_03_072
P33,41064420918991273-FOR.mp4,FOR,B_03_049
P33,38496706091783506-DAY.mp4,DAY,C_01_044
P33,34798344318352936-DECIDE.mp4,DECIDE1,B_02_074
P33,5182719290588473-APPLE.mp4,APPLE,A_03_054
P33,27179636245697747-GOOD.mp4,GOOD,B_01_052
P33,6870264026938024-DREAM.mp4,DREAM,B_02_044
P33,41458666491716034-HAVE.mp4,HAVE,B_03_057
P33,9468049272199688-ASK.mp4,ASK,B_02_023
P33,46006083289905075-MAKE.mp4,MAKE,C_01_032
P33,9366469381397264-GET.mp4,GET,B_03_007
P33,7074012309882718-FIRST.mp4,FIRST,C_01_033
P33,2503930490736366-KNOW.mp4,KNOW,C_01_048
P33,12435821926495483-NEW.mp4,NEW,B_02_070
P33,043686703964957996-TIME.mp4,TIME,B_02_080
P33,47287560600523637-BAKE 2.mp4,BAKE2,B_01_051
P33,0867127865649342-YEAR.mp4,YEAR,B_02_015
P33,8836626245935439-WHICH.mp4,WHICH,B_01_088
P33,05073186101305538-WHO.mp4,WHO,C_01_041
P33,4178617202433328-TWO.mp4,TWO,C_02_005
P33,2809519243803431-THAT.mp4,THAT,C_03_059
P33,3097588171602712-DOG 2.mp4,DOG2,J_02_068
P33,5295273734383446-NOW.mp4,NOW,C_03_062
P33,9144028060380776-WELL.mp4,WELL,D_01_009
P33,8722931017389861-CALL.mp4,CALL1,C_02_061
P33,7932042062420475-NO.mp4,NO,C_03_041
P33,18156591507416464-FRIEND.mp4,FRIEND,D_03_010
P33,08400889901640274-DRAW.mp4,DRAW,D_02_063
P33,11932520912401978-CAR.mp4,CAR,D_02_043
P33,6006529511521135-ARM 2.mp4,ARM2,K_01_095
P33,4764899254063222-WANT.mp4,WANT2,C_03_013
P33,4328641884608131-THEY 2.mp4,THEY2,E_01_044
P33,10002601108075515-USE.mp4,USE,D_03_043
P29,699773681744323-BED 2.mp4,BED2,K_03_004
P29,14322631318543366-CRY 3.mp4,CRY4,K_02_040
P29,1900191486784637-THINK.mp4,THINK,C_03_053
P33,6918820606559586-BASKET 1.mp4,BASKET2,G_03_070
P33,5252329983237267-CARRY.mp4,CARRY,J_02_042
P33,18023097987167058-CRY 4.mp4,CRY3,K_03_060
P29,23051551564122996-WHAT 2.mp4,WHAT1,D_02_094
P29,7764581525163443-COME.mp4,COME,C_03_074
P29,873585487906021-WHAT 1.mp4,WHAT2,D_02_084
P29,20662391105375688-BUY.mp4,BUY,D_03_074
P29,8285963105812504-TAKE.mp4,TAKE,G_01_093
P29,3584007811531691-HIS.mp4,HIS,F_02_058
P29,4199370728534413-ADOPT.mp4,ADOPT,J_03_014
P29,08792070784770623-BANANA 4.mp4,BANANA4,K_01_061
P29,6395548397632866-CAN 2.mp4,CAN2,K_02_027
P33,6496045691880019-HOW 2.mp4,HOW2,F_02_086
P33,6413246082157755-BRING.mp4,BRING,F_03_004
P33,895044012045733-CHAIR.mp4,CHAIR,A_01_017
P29,5465905150307049-DOG.mp4,DOG1,A_01_056
P29,6252762428426335-YOUR.mp4,YOUR,F_01_052
P29,23176657160280856-IN.mp4,IN,E_03_062
P29,3423078826780954-UP.mp4,UP,E_01_069
P29,41902726976036897-ACCEPT.mp4,ACCEPT,H_02_042
P29,1411641008641411-ONE.mp4,ONE,F_03_012
P29,00641734972788055-NOT.mp4,NOT,E_01_100
P29,20013893804599103-HE.mp4,HE,F_02_044
P29,19602730651671085-OR.mp4,OR,F_03_081
P29,5830139670043886-CLEAN.mp4,CLEAN,E_03_082
P29,24019295550508057-ADD.mp4,ADD,E_02_030
P29,42464010618997516-SEE.mp4,SEE,C_02_030
P29,1823075331771542-GIVE.mp4,GIVE,F_01_023
P33,3011563935397368-COMPUTER.mp4,COMPUTER,A_01_054
P33,6746569573918335-CAT.mp4,CAT1,A_01_023
P33,7790822021891515-BAKE 1.mp4,BAKE1,A_01_060
P33,39269779031539565-WANT 2.mp4,WANT1,E_01_025
P33,6469155116453627-BASKET 2.mp4,BASKET1,E_01_060
P33,5862477312285639-DOG 4.mp4,DOG4,H_02_103
P33,2396504546103233-BROTHER.mp4,BROTHER,B_01_065
P33,18644768075152318-OTHER.mp4,OTHER,B_02_043
P33,7849117535047831-BACKPACK.mp4,BACKPACK1,G_03_091
P33,8418608057786774-BUT.mp4,BUT,D_03_030
P33,26929004630905573-COOK.mp4,COOK,D_03_078
P33,041454679474942635-MOST.mp4,MOST,E_01_085
P33,7882885514418305-CUT 1.mp4,CUT,E_02_046
P33,5274810899773681-ON.mp4,ON,E_03_004
P33,728675362510697-WILL.mp4,WILL,F_03_025
P33,4726973530309644-LIKE.mp4,LIKE,F_03_063
P33,6401534108055456-OVER.mp4,OVER,F_03_079
P33,9450633955249712-THEY.mp4,THEY1,F_02_103
P33,06953194022074216-BACKPACK 2.mp4,BACKPACK2,G_01_064
P33,32458150462770363-IF.mp4,IF,G_03_017
P33,34632549970095217-CAT 2.mp4,CAT2,K_02_047
P11,5862702307501606-WITH.mp4,WITH,C_02_074
P11,8615609384279268-DOG 3.mp4,DOG3,K_01_055
P11,25111790510667253-ARRIVE.mp4,ARRIVE,D_01_073
P11,9488148437843325-US.mp4,US,H_03_055
P11,9950540419371894-CRY 2.mp4,CRY2,K_01_003
P11,4231674206599154-CITY 2.mp4,CITY2,K_02_076
P11,4430023203880953-BANANA 3.mp4,BANANA3,K_03_014
P11,648363559934048-ARM 3.mp4,ARM3,K_02_002
P11,21670640812113318-CALL 2.mp4,CALL2,J_02_048
P11,41579421019094553-GO.mp4,GO,C_03_056
P11,5332603758730681-ALL.mp4,ALL,C_03_088
P11,7214149245600223-CAT 3.mp4,CAT3,K_03_087
P11,2861187051971712-HOW.mp4,HOW1,D_02_082
P11,32363663486128047-DECIDE 2.mp4,DECIDE2,D_03_057
P11,6183067261298174-BACK.mp4,BACK,D_03_029
P11,4386481428406168-CANCEL.mp4,CANCEL1,F_03_083
P11,6408680459634952-BELIEVE 2.mp4,BELIEVE2,G_02_011
P11,582843536732653-DAUGHTER.mp4,DAUGHTER,E_02_023
P11,7783205613186133-TO.mp4,TO,E_03_086
P11,7257383470742285-AT.mp4,AT,J_01_055
P11,552248669313157-DOG 4.mp4,DOG4,H_02_103
P11,6980223412655981-BED 2.mp4,BED2,K_03_004
P11,752761062011438-CRY 3.mp4,CRY4,K_02_040
P11,31962282125568064-THINK.mp4,THINK,C_03_053
P11,8017117058905951-WHAT 2.mp4,WHAT1,D_02_094
P11,42561609545136014-COME.mp4,COME,C_03_074
P11,9731388047096738-WHAT 1.mp4,WHAT2,D_02_084
P11,7573530872875915-BUY.mp4,BUY,D_03_074
P11,978089590876015-TAKE.mp4,TAKE,G_01_093
P11,9051128329748022-HIS.mp4,HIS,F_02_058
P29,07340618416992672-CANCEL 2.mp4,CANCEL2,J_02_040
P29,18471345831869668-BELIEVE.mp4,BELIEVE1,D_02_049
P29,5567962318004358-MY.mp4,MY,C_01_060
P29,5706413352425115-ME.mp4,ME,B_01_068
P29,999693256223597-CRY.mp4,CRY1,B_03_028
P29,5284079612324069-CLASS.mp4,CLASS,B_03_068
P29,4886925751279627-ABOUT.mp4,ABOUT1,B_02_072
P29,013141854539429731-FROM.mp4,FROM,D_01_059
P29,6923980868781605-ABOUT 2.mp4,ABOUT2,B_02_003
P29,8472965180345502-USE.mp4,USE,D_03_043
P29,10717668609646469-WITH.mp4,WITH,C_02_074
P29,4978228804750602-DOG 3.mp4,DOG3,K_01_055
P51,25106853903462656-WITH.mp4,WITH,C_02_074
P51,6637153176489483-DOG 3.mp4,DOG3,K_01_055
P29,054894029469092276-ARRIVE.mp4,ARRIVE,D_01_073
P29,06524760253926432-US.mp4,US,H_03_055
P29,9985428420764915-CRY 2.mp4,CRY2,K_01_003
P29,7876443840707597-CITY 2.mp4,CITY2,K_02_076
P29,04705645758472232-BANANA 3.mp4,BANANA3,K_03_014
P29,6451133306899228-ARM 3.mp4,ARM3,K_02_002
P29,2050088802273533-CALL 2.mp4,CALL2,J_02_048
P29,1917265918954878-GO.mp4,GO,C_03_056
P29,5641697091947413-ALL.mp4,ALL,C_03_088
P29,9104410953413724-CAT 3.mp4,CAT3,K_03_087
P29,21283972047425892-HOW.mp4,HOW1,D_02_082
P29,1125897214666407-DECIDE 2.mp4,DECIDE2,D_03_057
P51,7754782665389188-ARRIVE.mp4,ARRIVE,D_01_073
P51,023114367163993732-US.mp4,US,H_03_055
P51,20702275025389483-CRY 2.mp4,CRY2,K_01_003
P51,008457351210910957-CITY 2.mp4,CITY2,K_02_076
P51,007420071315082044-BANANA 3.mp4,BANANA3,K_03_014
P51,3875903439603874-ARM 3.mp4,ARM3,K_02_002
P51,22582346944737153-CALL 2.mp4,CALL2,J_02_048
P51,7819362494402429-GO.mp4,GO,C_03_056
P51,41609856180263693-ALL.mp4,ALL,C_03_088
P51,17456240669071676-CAT 3.mp4,CAT3,K_03_087
P51,1334132333742275-HOW.mp4,HOW1,D_02_082
P51,7118515553669202-DECIDE 2.mp4,DECIDE2,D_03_057
P51,6684065707699174-BACK.mp4,BACK,D_03_029
P51,6929812893782228-CANCEL.mp4,CANCEL1,F_03_083
P51,2332809150906281-BELIEVE 2.mp4,BELIEVE2,G_02_011
P51,21058365219825892-DAUGHTER.mp4,DAUGHTER,E_02_023
P51,9115665363510697-TO.mp4,TO,E_03_086
P51,4430923569725742-AT.mp4,AT,J_01_055
P51,44416976736856184-DOG 4.mp4,DOG4,H_02_103
P29,594938584882736-ADOPT.mp4,ADOPT,J_03_014
P29,20977998925813734-BANANA 4.mp4,BANANA4,K_01_061
P29,5172936678432556-CAN 2.mp4,CAN2,K_02_027
P29,5658200184939948-DOG.mp4,DOG1,A_01_056
P29,8082218522582074-YOUR.mp4,YOUR,F_01_052
P29,45891557086660484-IN.mp4,IN,E_03_062
P11,6420987572041703-OR.mp4,OR,F_03_081
P11,25059267132129714-CLEAN.mp4,CLEAN,E_03_082
P11,21275015761535765-ADD.mp4,ADD,E_02_030
P11,6546214101257959-BIRD.mp4,BIRD,A_01_041
P11,919198427407482-BED.mp4,BED1,A_03_037
P11,2542832810541762-SOME.mp4,SOME,B_01_020
P11,9099071422270617-BANANA.mp4,BANANA1,A_03_002
P11,5338897613562104-DOOR.mp4,DOOR,A_03_052
P11,7123374650549104-CITY.mp4,CITY1,B_01_029
P11,8642660378572646-BECAUSE.mp4,BECAUSE,B_01_049
P11,27424831505579994-WORK.mp4,WORK,B_03_059
P11,6500641946617272-BROTHER.mp4,BROTHER,B_01_065
P11,3183981707552783-AFTER.mp4,AFTER,B_02_030
P11,013513764386919869-PEOPLE.mp4,PEOPLE,C_01_009
P11,42697668493670005-DANCE.mp4,DANCE,B_02_063
P11,253697201644294-BASEMENT.mp4,BASEMENT,C_01_034
P11,8083384619681451-AND.mp4,AND,B_03_072
P11,26911920543192847-FOR.mp4,FOR,B_03_049
P11,596424111873483-DAY.mp4,DAY,C_01_044
P11,5524708057209897-DECIDE.mp4,DECIDE1,B_02_074
P11,7798157575833962-APPLE.mp4,APPLE,A_03_054
P11,9875735466160431-GOOD.mp4,GOOD,B_01_052
P11,6830796598213351-DREAM.mp4,DREAM,B_02_044
P11,6282495181069199-HAVE.mp4,HAVE,B_03_057
P11,9984673314288812-ASK.mp4,ASK,B_02_023
P11,48360219801328896-MAKE.mp4,MAKE,C_01_032
P11,7912949175098649-GET.mp4,GET,B_03_007
P11,5873101193402999-FIRST.mp4,FIRST,C_01_033
P11,8305026742098571-KNOW.mp4,KNOW,C_01_048
P11,011657596804226733-NEW.mp4,NEW,B_02_070
P11,7396831048598065-TIME.mp4,TIME,B_02_080
P11,3014620411101525-BAKE 2.mp4,BAKE2,B_01_051
P11,7945948304503736-YEAR.mp4,YEAR,B_02_015
P11,9419615285979526-OTHER.mp4,OTHER,B_02_043
P11,09147527873659245-WHICH.mp4,WHICH,B_01_088
P11,0015092814988848513-WHO.mp4,WHO,C_01_041
P11,7391350877622198-TWO.mp4,TWO,C_02_005
P11,13287402533424708-ARM.mp4,ARM1,C_03_043
P11,3721474978971231-THAT.mp4,THAT,C_03_059
P11,35815086162921017-WHEN.mp4,WHEN,C_03_086
P11,508481128243949-CAN.mp4,CAN1,D_03_027
P11,08078343365317142-THERE.mp4,THERE,D_02_060
P11,6298308396800849-YOU.mp4,YOU,D_02_065
P11,03524803889652772-OUT.mp4,OUT,E_02_066
P11,23804692231957736-ANY.mp4,ANY,G_01_016
P11,7181674234608415-THEN.mp4,THEN,F_01_031
P11,799628866128629-OUR.mp4,OUR,G_02_067
P11,4668619271473555-THAN.mp4,THAN,F_02_002
P11,30121385480613116-BACKPACK.mp4,BACKPACK1,G_03_091
P11,3468501303620588-WE.mp4,WE,G_03_019
P11,5155503863810784-DOG 2.mp4,DOG2,J_02_068
P11,12046278761083773-BANANA 2.mp4,BANANA2,K_02_097
P11,674030928817341-NOW.mp4,NOW,C_03_062
P11,23080435432349233-WELL.mp4,WELL,D_01_009
P11,13518821180805607-CALL.mp4,CALL1,C_02_061
P11,6901051427765104-NO.mp4,NO,C_03_041
P11,11272869599260926-FRIEND.mp4,FRIEND,D_03_010
P11,10718820641763038-DRAW.mp4,DRAW,D_02_063
P11,22564312174500656-CAR.mp4,CAR,D_02_043
P11,17874292474987374-BUT.mp4,BUT,D_03_030
P11,824628206937627-COOK.mp4,COOK,D_03_078
P11,778138920568572-MOST.mp4,MOST,E_01_085
P11,7680593510113265-CUT 1.mp4,CUT,E_02_046
P11,24483667508082507-ON.mp4,ON,E_03_004
P11,8719020151692967-WILL.mp4,WILL,F_03_025
P11,05351672702445809-LIKE.mp4,LIKE,F_03_063
P11,6473545425669365-OVER.mp4,OVER,F_03_079
P11,5247185728423776-THEY.mp4,THEY1,F_02_103
P11,1264185852382016-BACKPACK 2.mp4,BACKPACK2,G_01_064
P11,7603424011902922-IF.mp4,IF,G_03_017
P11,30648825864863616-ARM 2.mp4,ARM2,K_01_095
P11,8103443254454792-CAT 2.mp4,CAT2,K_02_047
P11,41884104518222887-WANT.mp4,WANT2,C_03_013
P11,3890922253632667-THEY 2.mp4,THEY2,E_01_044
P11,07844132752541566-BASKET 1.mp4,BASKET2,G_03_070
P11,08492579560792146-CARRY.mp4,CARRY,J_02_042
P11,497316279011085-CRY 4.mp4,CRY3,K_03_060
P11,48582056242680793-HOW 2.mp4,HOW2,F_02_086
P11,5345690554787503-BRING.mp4,BRING,F_03_004
P11,7610787111957336-SEE.mp4,SEE,C_02_030
P11,9174915733024191-GIVE.mp4,GIVE,F_01_023
P11,23242980771656097-ADOPT.mp4,ADOPT,J_03_014
P11,33773897268039477-BANANA 4.mp4,BANANA4,K_01_061
P11,6456716537968419-CAN 2.mp4,CAN2,K_02_027
P11,6587281459977825-CANCEL 2.mp4,CANCEL2,J_02_040
P11,5268536773890005-BELIEVE.mp4,BELIEVE1,D_02_049
P11,016094158151485072-MY.mp4,MY,C_01_060
P11,2576140497310784-ME.mp4,ME,B_01_068
P11,769013588582327-CRY.mp4,CRY1,B_03_028
P11,34729552064920166-CLASS.mp4,CLASS,B_03_068
P11,718305545661964-ABOUT.mp4,ABOUT1,B_02_072
P11,9187242957613455-FROM.mp4,FROM,D_01_059
P11,8539244628879097-ABOUT 2.mp4,ABOUT2,B_02_003
P11,9941614592907033-DOG.mp4,DOG1,A_01_056
P11,8007476360665744-YOUR.mp4,YOUR,F_01_052
P11,7491576036902756-IN.mp4,IN,E_03_062
P11,670269253669108-UP.mp4,UP,E_01_069
P11,4312712786849824-ACCEPT.mp4,ACCEPT,H_02_042
P11,6903954061880513-ONE.mp4,ONE,F_03_012
P11,5498937172585983-NOT.mp4,NOT,E_01_100
P11,5477484945014501-HE.mp4,HE,F_02_044
P11,8946235229173873-CHAIR.mp4,CHAIR,A_01_017
P11,761410636092072-COMPUTER.mp4,COMPUTER,A_01_054
P11,4510092550123015-CAT.mp4,CAT1,A_01_023
P11,03681595683852357-BAKE 1.mp4,BAKE1,A_01_060
P11,1783184424273636-WANT 2.mp4,WANT1,E_01_025
P11,2439505261173014-BASKET 2.mp4,BASKET1,E_01_060
P11,4910010904715989-USE.mp4,USE,D_03_043
P11,2086000647048365-OR.mp4,OR,F_03_081
P11,8336730759493318-CLEAN.mp4,CLEAN,E_03_082
P11,3828332832043566-ADD.mp4,ADD,E_02_030
P11,7100719460900693-BED 2.mp4,BED2,K_03_004
P11,9873887850693488-CRY 3.mp4,CRY4,K_02_040
P11,4958280251317906-THINK.mp4,THINK,C_03_053
P11,5384324732130294-WHAT 2.mp4,WHAT1,D_02_094
P11,826349513489413-COME.mp4,COME,C_03_074
P11,3288526883034957-WHAT 1.mp4,WHAT2,D_02_084
P11,8633626998344772-BUY.mp4,BUY,D_03_074
P51,20506511165532393-CITY.mp4,CITY1,B_01_029
P51,5693599940804028-BECAUSE.mp4,BECAUSE,B_01_049
P51,19579370378442884-WORK.mp4,WORK,B_03_059
P51,6960348427524927-BROTHER.mp4,BROTHER,B_01_065
P51,7225775683164837-AFTER.mp4,AFTER,B_02_030
P51,5492826506245938-PEOPLE.mp4,PEOPLE,C_01_009
P51,921455410922094-DANCE.mp4,DANCE,B_02_063
P51,9835848926579023-BASEMENT.mp4,BASEMENT,C_01_034
P51,7267728609354669-AND.mp4,AND,B_03_072
P51,12428983919563952-FOR.mp4,FOR,B_03_049
P51,1526741914242873-DAY.mp4,DAY,C_01_044
P51,6217211466514729-DECIDE.mp4,DECIDE1,B_02_074
P51,39628385869626626-APPLE.mp4,APPLE,A_03_054
P51,5586839450092025-GOOD.mp4,GOOD,B_01_052
P51,12184181975720265-DREAM.mp4,DREAM,B_02_044
P51,03993441233922734-HAVE.mp4,HAVE,B_03_057
P51,27347935528446654-OTHER.mp4,OTHER,B_02_043
P51,17994386724507194-ARM.mp4,ARM1,C_03_043
P51,7219560821026212-WHEN.mp4,WHEN,C_03_086
P51,6150173366410261-CAN.mp4,CAN1,D_03_027
P51,6267552741259361-THERE.mp4,THERE,D_02_060
P51,17987836792170242-YOU.mp4,YOU,D_02_065
P51,9355434775677458-OUT.mp4,OUT,E_02_066
P51,4184505579069002-ANY.mp4,ANY,G_01_016
P51,15462553632569964-THEN.mp4,THEN,F_01_031
P51,3930752895836436-OUR.mp4,OUR,G_02_067
P51,3786060560307325-THAN.mp4,THAN,F_02_002
P30,5753331439084295-SOME.mp4,SOME,B_01_020
P30,9642985542570395-BANANA.mp4,BANANA1,A_03_002
P30,8240900128942237-DOOR.mp4,DOOR,A_03_052
P51,7966143468182603-BACKPACK.mp4,BACKPACK1,G_03_091
P51,9375717470846778-WE.mp4,WE,G_03_019
P51,3109089906608684-BANANA 2.mp4,BANANA2,K_02_097
P51,8822549298208633-NOW.mp4,NOW,C_03_062
P51,939551701319282-WELL.mp4,WELL,D_01_009
P51,8735930747244995-CALL.mp4,CALL1,C_02_061
P51,9979731168048327-NO.mp4,NO,C_03_041
P51,11392442549712078-FRIEND.mp4,FRIEND,D_03_010
P51,2262821608981147-DRAW.mp4,DRAW,D_02_063
P51,58848628569082-CAR.mp4,CAR,D_02_043
P51,4116120543670827-BASKET 1.mp4,BASKET2,G_03_070
P51,8738877371437723-CARRY.mp4,CARRY,J_02_042
P51,8700993578692431-CRY 4.mp4,CRY3,K_03_060
P51,2815065509240542-HOW 2.mp4,HOW2,F_02_086
P51,933050113331874-BRING.mp4,BRING,F_03_004
P51,011504158671063802-TAKE.mp4,TAKE,G_01_093
P27,6202882933229494-HIS.mp4,HIS,F_02_058
P27,6263122130805265-ADOPT.mp4,ADOPT,J_03_014
P27,4000204253994979-BANANA 4.mp4,BANANA4,K_01_061
P27,7280440822347909-CAN 2.mp4,CAN2,K_02_027
P27,39200102577281415-CANCEL 2.mp4,CANCEL2,J_02_040
P27,2753688830687173-BELIEVE.mp4,BELIEVE1,D_02_049
P27,1967585753703054-MY.mp4,MY,C_01_060
P27,7227128162421703-ME.mp4,ME,B_01_068
P27,367512931963486-CRY.mp4,CRY1,B_03_028
P27,8871828728348681-CLASS.mp4,CLASS,B_03_068
P27,3088940088357601-ABOUT.mp4,ABOUT1,B_02_072
P27,6755906822048705-FROM.mp4,FROM,D_01_059
P27,9954611824899307-ABOUT 2.mp4,ABOUT2,B_02_003
P28,4078942277101558-CANCEL.mp4,CANCEL1,F_03_083
P28,5173682953748575-DAUGHTER.mp4,DAUGHTER,E_02_023
P28,7311352446331734-TO.mp4,TO,E_03_086
P28,30343327852956437-DOG 4.mp4,DOG4,H_02_103
P28,9067280103897586-HIS.mp4,HIS,F_02_058
P28,8573073891615719-ADOPT.mp4,ADOPT,J_03_014
P28,5144155254505189-BANANA 4.mp4,BANANA4,K_01_061
P28,4211969736868111-CAN 2.mp4,CAN2,K_02_027
P28,36288794727799045-CANCEL 2.mp4,CANCEL2,J_02_040
P28,8570864956852386-BELIEVE.mp4,BELIEVE1,D_02_049
P28,4806377586588719-MY.mp4,MY,C_01_060
P27,6601537706780105-ONE.mp4,ONE,F_03_012
P27,6273352589022019-NOT.mp4,NOT,E_01_100
P27,053732365300724894-HE.mp4,HE,F_02_044
P27,047954989065146725-BIRD.mp4,BIRD,A_01_041
P27,23498704883362675-BED.mp4,BED1,A_03_037
P27,5233454308066479-CHAIR.mp4,CHAIR,A_01_017
P51,7414475346730574-ASK.mp4,ASK,B_02_023
P51,18229683151860843-MAKE.mp4,MAKE,C_01_032
P51,7030561220849882-GET.mp4,GET,B_03_007
P51,3776311176032783-FIRST.mp4,FIRST,C_01_033
P51,35480630391441204-KNOW.mp4,KNOW,C_01_048
P51,08973528964140964-NEW.mp4,NEW,B_02_070
P51,33232019825309056-TIME.mp4,TIME,B_02_080
P51,1871181889216107-BAKE 2.mp4,BAKE2,B_01_051
P51,5140062329277526-YEAR.mp4,YEAR,B_02_015
P51,5226718196575102-WHICH.mp4,WHICH,B_01_088
P51,14452193915198386-WHO.mp4,WHO,C_01_041
P51,5103247380926332-TWO.mp4,TWO,C_02_005
P51,874390850523975-THAT.mp4,THAT,C_03_059
P51,47159683708396893-WANT 2.mp4,WANT1,E_01_025
P51,19270631075053757-BASKET 2.mp4,BASKET1,E_01_060
P51,6219684559725791-DOG 2.mp4,DOG2,J_02_068
P30,08840055173699479-CITY.mp4,CITY1,B_01_029
P30,11537897761751492-BECAUSE.mp4,BECAUSE,B_01_049
P30,30686159780357336-WORK.mp4,WORK,B_03_059
P30,010035178979511006-BROTHER.mp4,BROTHER,B_01_065
P30,37214725621113587-AFTER.mp4,AFTER,B_02_030
P30,22982415747606044-PEOPLE.mp4,PEOPLE,C_01_009
P30,1102717484663962-DANCE.mp4,DANCE,B_02_063
P30,6697251309217858-BASEMENT.mp4,BASEMENT,C_01_034
P30,3732678629647439-AND.mp4,AND,B_03_072
P27,1721318474519251-COMPUTER.mp4,COMPUTER,A_01_054
P27,8181830904131087-CAT.mp4,CAT1,A_01_023
P27,1826156350486956-FOR.mp4,FOR,B_03_049
P27,8036762359057699-DAY.mp4,DAY,C_01_044
P27,9451130688097962-DECIDE.mp4,DECIDE1,B_02_074
P27,3876948819633417-APPLE.mp4,APPLE,A_03_054
P27,8259197203871462-GOOD.mp4,GOOD,B_01_052
P27,4598267626142567-DREAM.mp4,DREAM,B_02_044
P27,6176616285163985-HAVE.mp4,HAVE,B_03_057
P27,7087770253439132-ARM.mp4,ARM1,C_03_043
P27,21722735480722832-WHEN.mp4,WHEN,C_03_086
P27,011246893774733424-TAKE.mp4,TAKE,G_01_093
P27,635034042192421-DOG.mp4,DOG1,A_01_056
P27,1178260244339504-YOUR.mp4,YOUR,F_01_052
P27,13158546514402825-IN.mp4,IN,E_03_062
P27,9132401961065522-UP.mp4,UP,E_01_069
P27,0651790168914228-ACCEPT.mp4,ACCEPT,H_02_042
P27,21203636481513954-OR.mp4,OR,F_03_081
P27,2631799393595111-CLEAN.mp4,CLEAN,E_03_082
P27,41481011856409844-ADD.mp4,ADD,E_02_030
P27,8616880979779862-BAKE 1.mp4,BAKE1,A_01_060
P27,2295384916053822-ASK.mp4,ASK,B_02_023
P27,06915498305351697-MAKE.mp4,MAKE,C_01_032
P27,46172503700176404-GET.mp4,GET,B_03_007
P27,22109120407711935-FIRST.mp4,FIRST,C_01_033
P27,28781278008680844-KNOW.mp4,KNOW,C_01_048
P27,46136966949983527-NEW.mp4,NEW,B_02_070
P27,13296834273169988-TIME.mp4,TIME,B_02_080
P27,09510312881265293-BAKE 2.mp4,BAKE2,B_01_051
P27,8410349218008399-YEAR.mp4,YEAR,B_02_015
P27,2512842653606113-CAN.mp4,CAN1,D_03_027
P27,5010583939486188-THERE.mp4,THERE,D_02_060
P27,3273120364218567-YOU.mp4,YOU,D_02_065
P27,8334976713751743-OUT.mp4,OUT,E_02_066
P27,20844750329922834-THEN.mp4,THEN,F_01_031
P27,1140810919385793-OUR.mp4,OUR,G_02_067
P27,06349924231986348-THAN.mp4,THAN,F_02_002
P27,5384474752960358-SOME.mp4,SOME,B_01_020
P27,4068515924367224-BANANA.mp4,BANANA1,A_03_002
P27,530430744066644-DOOR.mp4,DOOR,A_03_052
P27,8887716376345431-CITY.mp4,CITY1,B_01_029
P27,05003958557953614-BECAUSE.mp4,BECAUSE,B_01_049
P27,3835017675141623-WORK.mp4,WORK,B_03_059
P27,22666524686508982-BROTHER.mp4,BROTHER,B_01_065
P27,9592668199669783-AFTER.mp4,AFTER,B_02_030
P27,3098746212403496-DANCE.mp4,DANCE,B_02_063
P27,8360431396055013-BASEMENT.mp4,BASEMENT,C_01_034
P27,3217067801194846-AND.mp4,AND,B_03_072
P27,13862091664987353-WHICH.mp4,WHICH,B_01_088
P27,21560081346679438-WHO.mp4,WHO,C_01_041
P27,8559555503543013-TWO.mp4,TWO,C_02_005
P27,23195679431151794-THAT.mp4,THAT,C_03_059
P27,6379790381305486-BACKPACK.mp4,BACKPACK1,G_03_091
P27,2541378389097124-WE.mp4,WE,G_03_019
P27,963069598059435-COMPUTER.mp4,COMPUTER,A_01_054
P27,7527865242968552-CAT.mp4,CAT1,A_01_023
P27,9741556571231242-ANY.mp4,ANY,G_01_016
P27,5604669427675324-BUT.mp4,BUT,D_03_030
P27,2886039280412962-COOK.mp4,COOK,D_03_078
P27,5942112131810409-MOST.mp4,MOST,E_01_085
P27,5464304112205989-CUT 1.mp4,CUT,E_02_046
P27,8324098934706567-ON.mp4,ON,E_03_004
P27,30529824358290925-WILL.mp4,WILL,F_03_025
P27,6108042704274992-LIKE.mp4,LIKE,F_03_063
P27,5011307489780785-OVER.mp4,OVER,F_03_079
P27,4163876725261626-THEY.mp4,THEY1,F_02_103
P27,22070823737428613-BACKPACK 2.mp4,BACKPACK2,G_01_064
P27,6410989430779963-IF.mp4,IF,G_03_017
P27,7082152428522785-OTHER.mp4,OTHER,B_02_043
P30,6653998713693257-BUY.mp4,BUY,D_03_074
P30,24298622199216324-GIVE.mp4,GIVE,F_01_023
P30,8562967503282453-TAKE.mp4,TAKE,G_01_093
P30,6061539773395033-HIS.mp4,HIS,F_02_058
P30,9603446689867483-CANCEL 2.mp4,CANCEL2,J_02_040
P30,007927439827676519-BELIEVE.mp4,BELIEVE1,D_02_049
P30,019419810771881707-MY.mp4,MY,C_01_060
P30,0035172227152260316-ME.mp4,ME,B_01_068
P30,6488741397432574-CRY.mp4,CRY1,B_03_028
P30,834811198203439-ABOUT.mp4,ABOUT1,B_02_072
P30,6305425022101252-BIRD.mp4,BIRD,A_01_041
P30,7767586064310084-BED.mp4,BED1,A_03_037
P30,6396645534217815-OTHER.mp4,OTHER,B_02_043
P30,35986845636835363-THEN.mp4,THEN,F_01_031
P30,8037009281954064-OUR.mp4,OUR,G_02_067
P14,14188283118755218-FROM.mp4,FROM,D_01_059
P14,15918059370766668-ABOUT 2.mp4,ABOUT2,B_02_003
P14,013447491613897578-ONE.mp4,ONE,F_03_012
P14,2084353814695059-NOT.mp4,NOT,E_01_100
P14,634315397642317-HE.mp4,HE,F_02_044
P14,3391932545306213-CHAIR.mp4,CHAIR,A_01_017
P14,3260792653437623-BAKE 1.mp4,BAKE1,A_01_060
P52,9437623529149397-seedBELIEVE.mp4,BELIEVE1,D_02_049
P52,5095314542128282-seedMY.mp4,MY,C_01_060
P52,6882259554153813-seedME.mp4,ME,B_01_068
P52,9771679261047299-seedCRY.mp4,CRY1,B_03_028
P52,19919906882131388-seedCLASS.mp4,CLASS,B_03_068
P52,44951093832888867-seedABOUT.mp4,ABOUT1,B_02_072
P52,10255956777193664-seedFROM.mp4,FROM,D_01_059
P52,5641000139726129-seedABOUT.mp4,ABOUT2,B_02_003
P52,07147588203074418-seedDOG.mp4,DOG1,A_01_056
P52,7663640970446304-seedYOUR.mp4,YOUR,F_01_052
P52,6288035733493809-seedIN.mp4,IN,E_03_062
P52,6866209503293914-seedUP.mp4,UP,E_01_069
P52,12170385377347159-seedACCEPT.mp4,ACCEPT,H_02_042
P52,3545135145644047-seedONE.mp4,ONE,F_03_012
P52,44013055006400537-seedNOT.mp4,NOT,E_01_100
P52,9892417590385312-seedHE.mp4,HE,F_02_044
P52,9884246958959995-seedOR.mp4,OR,F_03_081
P52,8492396373787525-seedCLEAN.mp4,CLEAN,E_03_082
P52,1840633161248788-seedADD.mp4,ADD,E_02_030
P52,3775027040220682-seedBIRD.mp4,BIRD,A_01_041
P52,6085999425709865-seedBED.mp4,BED1,A_03_037
P52,49610123579694454-seedCHAIR.mp4,CHAIR,A_01_017
P52,4727132427511347-seedCOMPUTER.mp4,COMPUTER,A_01_054
P52,5411846698767779-seedCAT.mp4,CAT1,A_01_023
P52,4012000648157279-seedBAKE 1.mp4,BAKE1,A_01_060
P52,8770278064818091-seedSOME.mp4,SOME,B_01_020
P52,49738651103229614-seedBANANA.mp4,BANANA1,A_03_002
P52,308993534882515-seedDOOR.mp4,DOOR,A_03_052
P52,6665424282420289-seedCITY.mp4,CITY1,B_01_029
P52,28721945718054753-seedBECAUSE.mp4,BECAUSE,B_01_049
P52,40443988565760036-seedWORK.mp4,WORK,B_03_059
P52,049689800905120096-seedBROTHER.mp4,BROTHER,B_01_065
P52,7335543234619748-seedAFTER.mp4,AFTER,B_02_030
P52,49152673991584006-seedPEOPLE.mp4,PEOPLE,C_01_009
P52,26718511594256444-seedDANCE.mp4,DANCE,B_02_063
P52,4864182740964922-seedBASEMENT.mp4,BASEMENT,C_01_034
P52,42487226551335255-seedAND.mp4,AND,B_03_072
P52,3795742180464281-seedFOR.mp4,FOR,B_03_049
P52,18566632058805044-seedDAY.mp4,DAY,C_01_044
P52,7176496996122961-seedDECIDE.mp4,DECIDE1,B_02_074
P52,8239094276726386-seedAPPLE.mp4,APPLE,A_03_054
P52,06635586886652112-seedGOOD.mp4,GOOD,B_01_052
P52,17068308017858547-seedDREAM.mp4,DREAM,B_02_044
P52,3064521963954243-seedHAVE.mp4,HAVE,B_03_057
P52,9643840474305965-seedASK.mp4,ASK,B_02_023
P52,12398889502337007-seedMAKE.mp4,MAKE,C_01_032
P52,9318965530323386-seedGET.mp4,GET,B_03_007
P52,3907800695664563-seedFIRST.mp4,FIRST,C_01_033
P52,6589842343221302-seedKNOW.mp4,KNOW,C_01_048
P52,6168614805021861-seedNEW.mp4,NEW,B_02_070
P52,9956589338184496-seedTIME.mp4,TIME,B_02_080
P52,9027268642604178-seedBAKE 2.mp4,BAKE2,B_01_051
P52,504864922087114-seedYEAR.mp4,YEAR,B_02_015
P52,4450589095463755-seedOTHER.mp4,OTHER,B_02_043
P52,3903052006623524-seedWHICH.mp4,WHICH,B_01_088
P52,6723858714545425-seedWHO.mp4,WHO,C_01_041
P52,3283395665440456-seedTWO.mp4,TWO,C_02_005
P52,1455832806752233-seedARM.mp4,ARM1,C_03_043
P52,8493147204584954-seedTHAT.mp4,THAT,C_03_059
P52,1633964553032412-seedWHEN.mp4,WHEN,C_03_086
P52,5689986968079694-seedCAN.mp4,CAN1,D_03_027
P52,8631758521521087-seedTHERE.mp4,THERE,D_02_060
P52,24903533651693976-seedYOU.mp4,YOU,D_02_065
P52,21954510533534477-seedOUT.mp4,OUT,E_02_066
P52,9691488194951674-seedWANT 2.mp4,WANT1,E_01_025
P52,4567377261226446-seedBASKET 2.mp4,BASKET1,E_01_060
P52,4798108340881386-seedANY.mp4,ANY,G_01_016
P52,39504936682155134-seedTHEN.mp4,THEN,F_01_031
P52,1250874653735894-seedOUR.mp4,OUR,G_02_067
P52,8938531210578995-seedTHAN.mp4,THAN,F_02_002
P52,4736674511391048-seedBACKPACK.mp4,BACKPACK1,G_03_091
P52,2803881528625629-seedWE.mp4,WE,G_03_019
P52,6011636051004587-seedDOG.mp4,DOG2,J_02_068
P52,6401906431398072-seedBANANA 2.mp4,BANANA2,K_02_097
P52,720220390455963-seedNOW.mp4,NOW,C_03_062
P52,12315688875418562-seedWELL.mp4,WELL,D_01_009
P52,6557178538399995-seedCALL.mp4,CALL1,C_02_061
P52,2688720555507844-seedNO.mp4,NO,C_03_041
P52,04656481067971696-seedFRIEND.mp4,FRIEND,D_03_010
P52,5164414501026955-seedDRAW.mp4,DRAW,D_02_063
P52,5571540385430789-seedCAR.mp4,CAR,D_02_043
P52,6717023757619653-seedBUT.mp4,BUT,D_03_030
P52,1960013632439228-seedCOOK.mp4,COOK,D_03_078
P52,80157388117023-seedMOST.mp4,MOST,E_01_085
P52,5914930325887857-seedCUT 1.mp4,CUT,E_02_046
P52,34078816314143934-seedON.mp4,ON,E_03_004
P52,5806293995754435-seedWILL.mp4,WILL,F_03_025
P52,6263439546385057-seedLIKE.mp4,LIKE,F_03_063
P52,9135823989609884-seedOVER.mp4,OVER,F_03_079
P52,043586308791437656-seedTHEY.mp4,THEY1,F_02_103
P52,8236612928986982-seedBACKPACK.mp4,BACKPACK2,G_01_064
P52,5834220349735944-seedIF.mp4,IF,G_03_017
P52,4346350892956996-seedARM 2.mp4,ARM2,K_01_095
P52,20711466197376027-seedCAT 2.mp4,CAT2,K_02_047
P52,10318499069402809-seedWITH.mp4,WITH,C_02_074
P52,7413526389507932-seedDOG 2.mp4,DOG3,K_01_055
P52,7681494167847223-seedARRIVE.mp4,ARRIVE,D_01_073
P52,11620182282850933-seedWANT.mp4,WANT2,C_03_013
P52,9390713749411694-seedTHEY.mp4,THEY2,E_01_044
P52,24588321216834763-seedUSE.mp4,USE,D_03_043
P52,12594137725261145-seedBASKET 1.mp4,BASKET2,G_03_070
P52,24965250580741083-seedCARRY.mp4,CARRY,J_02_042
P52,16819914891013865-seedUS.mp4,US,H_03_055
P52,07227063361694497-seedCRY 2.mp4,CRY2,K_01_003
P52,4632981764865789-seedCITY 2.mp4,CITY2,K_02_076
P52,13972323010978993-seedBANANA 3.mp4,BANANA3,K_03_014
P52,5617325649329079-seedARM 3.mp4,ARM3,K_02_002
P52,7159117529051666-seedCALL 2.mp4,CALL2,J_02_048
P52,7642911134092343-seedGO.mp4,GO,C_03_056
P52,9139842022194566-seedALL.mp4,ALL,C_03_088
P52,2183287219406589-seedCAT 3.mp4,CAT3,K_03_087
P52,8835516863640922-seedHOW.mp4,HOW1,D_02_082
P52,03270299220552264-seedDECIDE.mp4,DECIDE2,D_03_057
P52,07598746238490839-seedBACK.mp4,BACK,D_03_029
P52,8772568046828562-seedCRY 4.mp4,CRY3,K_03_060
P52,16924808086665677-seedHOW 2.mp4,HOW2,F_02_086
P52,540061600459214-seedCANCEL.mp4,CANCEL1,F_03_083
P52,34892308851507114-seedBRING.mp4,BRING,F_03_004
P52,08916912729535142-seedBELIEVE.mp4,BELIEVE2,G_02_011
P52,4845886132637236-seedDAUGHTER.mp4,DAUGHTER,E_02_023
P52,574419045022863-seedTO.mp4,TO,E_03_086
P52,6279791767383083-seedAT.mp4,AT,J_01_055
P52,23056013632943473-seedDOG.mp4,DOG4,H_02_103
P52,14412165989104997-seedBED 2.mp4,BED2,K_03_004
P52,8530152644522973-seedSEE.mp4,SEE,C_02_030
P52,6826978008061466-seedCRY 3.mp4,CRY4,K_02_040
P52,7309761535441566-seedTHINK.mp4,THINK,C_03_053
P52,43147199471175535-seedWHAT 2.mp4,WHAT1,D_02_094
P52,010997145882042814-seedCOME.mp4,COME,C_03_074
P52,31977909341879607-seedWHAT 1.mp4,WHAT2,D_02_084
P52,43682294935479304-seedBUY.mp4,BUY,D_03_074
P52,3730777319546914-seedGIVE.mp4,GIVE,F_01_023
P52,8143899247512181-seedTAKE.mp4,TAKE,G_01_093
P52,7262872200367188-seedHIS.mp4,HIS,F_02_058
P52,03912771554806338-seedADOPT.mp4,ADOPT,J_03_014
P52,4824276772870475-seedBANANA 4.mp4,BANANA4,K_01_061
P52,37485805543594086-seedCAN 2.mp4,CAN2,K_02_027
P52,2733568404987987-seedCANCEL.mp4,CANCEL2,J_02_040
